"Longitude (x)","Latitude (y)","Station Name","Climate ID","Date/Time","Year","Month","Day","Data Quality","Max Temp (°C)","Max Temp Flag","Min Temp (°C)","Min Temp Flag","Mean Temp (°C)","Mean Temp Flag","Heat Deg Days (°C)","Heat Deg Days Flag","Cool Deg Days (°C)","Cool Deg Days Flag","Total Rain (mm)","Total Rain Flag","Total Snow (cm)","Total Snow Flag","Total Precip (mm)","Total Precip Flag","Snow on Grnd (cm)","Snow on Grnd Flag","Dir of Max Gust (10s deg)","Dir of Max Gust Flag","Spd of Max Gust (km/h)","Spd of Max Gust Flag"
"-79.69","43.51","OAKVILLE TWN","6155750","2019-01-01","2019","01","01","†","1.5","","1.0","","1.3","","16.7","","0.0","","0.0","","0.0","","0.0","","0","","","","",""
"-79.69","43.51","OAKVILLE TWN","6155750","2019-01-02","2019","01","02","†","7.0","","-9.0","","-1.0","","19.0","","0.0","","0.0","","0.0","","0.0","","0","","","","",""
"-79.69","43.51","OAKVILLE TWN","6155750","2019-01-03","2019","01","03","†","3.0","","4.5","","3.8","","14.2","","0.0","","0.0","","0.0","","0.0","","0","","","","",""
"-79.69","43.51","OAKVILLE TWN","6155750","2019-01-04","2019","01","04","†","9.0","","-1.0","","4.0","","14.0","","0.0","","0.0","","0.0","","0.0","","0","","","","",""
"-79.69","43.51","OAKVILLE TWN","6155750","2019-01-05","2019","01","05","†","4.5","","-1.0","","1.8","","16.2","","0.0","","0.0","","0.0","","0.0","","0","","","","",""
"-79.69","43.51","OAKVILLE TWN","6155750","2019-01-06","2019","01","06","†","3.0","","0.0","","1.5","","16.5","","0.0","","0.0","","0.0","","0.0","","0","","","","",""
"-79.69","43.51","OAKVILLE TWN","6155750","2019-01-07","2019","01","07","†","9.0","","-8.0","","0.5","","17.5","","0.0","","3.4","","0.0","","3.4","","0","","","","",""
"-79.69","43.51","OAKVILLE TWN","6155750","2019-01-08","2019","01","08","†","2.0","","-5.0","","-1.5","","19.5","","0.0","","4.0","","0.0","","4.0","","0","","","","",""
"-79.69","43.51","OAKVILLE TWN","6155750","2019-01-09","2019","01","09","†","1.0","","-1.0","","0.0","","18.0","","0.0","","0.0","","0.0","T","0.0","","0","","","","",""
"-79.69","43.51","OAKVILLE TWN","6155750","2019-01-10","2019","01","10","†","-4.0","","-8.0","","-6.0","","24.0","","0.0","","0.0","","0.0","T","0.0","","0","T","","","",""
"-79.69","43.51","OAKVILLE TWN","6155750","2019-01-11","2019","01","11","†","-4.5","","-13.5","","-9.0","","27.0","","0.0","","0.0","","0.0","","0.0","","0","","","","",""
"-79.69","43.51","OAKVILLE TWN","6155750","2019-01-12","2019","01","12","†","-4.0","","-12.0","","-8.0","","26.0","","0.0","","0.0","","0.0","","0.0","","0","","","","",""
"-79.69","43.51","OAKVILLE TWN","6155750","2019-01-13","2019","01","13","†","-4.0","","-10.0","","-7.0","","25.0","","0.0","","0.0","","0.0","","0.0","","0","","","","",""
"-79.69","43.51","OAKVILLE TWN","6155750","2019-01-14","2019","01","14","†","0.0","","-10.5","","-5.3","","23.3","","0.0","","0.0","","0.0","","0.0","","0","","","","",""
"-79.69","43.51","OAKVILLE TWN","6155750","2019-01-15","2019","01","15","†","-1.0","","-6.0","","-3.5","","21.5","","0.0","","0.0","","0.0","T","0.0","","0","","","","",""
"-79.69","43.51","OAKVILLE TWN","6155750","2019-01-16","2019","01","16","†","0.5","","-3.0","","-1.3","","19.3","","0.0","","0.0","","0.0","T","0.0","","0","T","","","",""
"-79.69","43.51","OAKVILLE TWN","6155750","2019-01-17","2019","01","17","†","-2.5","","-14.0","","-8.3","","26.3","","0.0","","0.0","","2.0","","1.8","","0","T","","","",""
"-79.69","43.51","OAKVILLE TWN","6155750","2019-01-18","2019","01","18","†","0.0","","-11.0","","-5.5","","23.5","","0.0","","0.0","","0.6","","0.6","","2","","","","",""
"-79.69","43.51","OAKVILLE TWN","6155750","2019-01-19","2019","01","19","†","-11.0","","-13.5","","-12.3","","30.3","","0.0","","0.0","","12.0","","10.0","","2","","","","",""
"-79.69","43.51","OAKVILLE TWN","6155750","2019-01-20","2019","01","20","†","-11.5","","-18.0","","-14.8","","32.8","","0.0","","0.0","","0.0","","0.0","","12","","","","",""
"-79.69","43.51","OAKVILLE TWN","6155750","2019-01-21","2019","01","21","†","-9.0","","-21.0","","-15.0","","33.0","","0.0","","0.0","","0.0","","0.0","","10","","","","",""
"-79.69","43.51","OAKVILLE TWN","6155750","2019-01-22","2019","01","22","†","2.0","","-14.5","","-6.3","","24.3","","0.0","","0.0","T","4.0","","6.0","","10","","","","",""
"-79.69","43.51","OAKVILLE TWN","6155750","2019-01-23","2019","01","23","†","6.0","","-10.0","","-2.0","","20.0","","0.0","","7.4","","0.0","T","7.4","","9","","","","",""
"-79.69","43.51","OAKVILLE TWN","6155750","2019-01-24","2019","01","24","†","0.0","","-2.0","","-1.0","","19.0","","0.0","","0.0","","0.6","","0.6","","2","","","","",""
"-79.69","43.51","OAKVILLE TWN","6155750","2019-01-25","2019","01","25","†","-4.0","","-7.5","","-5.8","","23.8","","0.0","","0.0","","0.0","T","1.0","","2","","","","",""
"-79.69","43.51","OAKVILLE TWN","6155750","2019-01-26","2019","01","26","†","-6.0","","-15.0","","-10.5","","28.5","","0.0","","0.0","","9.0","","8.0","","1","","","","",""
"-79.69","43.51","OAKVILLE TWN","6155750","2019-01-27","2019","01","27","†","-7.0","","-11.0","","-9.0","","27.0","","0.0","","0.0","","0.0","","0.0","","11","","","","",""
"-79.69","43.51","OAKVILLE TWN","6155750","2019-01-28","2019","01","28","†","-2.0","","-19.0","","-10.5","","28.5","","0.0","","0.0","","26.0","","22.4","","11","","","","",""
"-79.69","43.51","OAKVILLE TWN","6155750","2019-01-29","2019","01","29","†","-4.0","","-17.0","","-10.5","","28.5","","0.0","","0.0","","0.0","T","0.0","","25","","","","",""
"-79.69","43.51","OAKVILLE TWN","6155750","2019-01-30","2019","01","30","†","-15.0","","-21.5","","-18.3","","36.3","","0.0","","0.0","","0.0","","0.0","","15","","","","",""
"-79.69","43.51","OAKVILLE TWN","6155750","2019-01-31","2019","01","31","†","-12.5","","-24.0","","-18.3","","36.3","","0.0","","0.0","","0.0","","0.0","","15","","","","",""
"-79.69","43.51","OAKVILLE TWN","6155750","2019-02-01","2019","02","01","†","-7.0","","-21.0","","-14.0","","32.0","","0.0","","0.0","","0.0","","0.0","","15","","","","",""
"-79.69","43.51","OAKVILLE TWN","6155750","2019-02-02","2019","02","02","†","3.0","","-17.0","","-7.0","","25.0","","0.0","","0.0","","0.0","","0.0","","15","","","","",""
"-79.69","43.51","OAKVILLE TWN","6155750","2019-02-03","2019","02","03","†","10.0","","-8.0","","1.0","","17.0","","0.0","","0.0","","0.0","","0.0","","13","","","","",""
"-79.69","43.51","OAKVILLE TWN","6155750","2019-02-04","2019","02","04","†","14.0","","2.0","","8.0","","10.0","","0.0","","3.0","","0.0","","3.0","","0","T","","","",""
"-79.69","43.51","OAKVILLE TWN","6155750","2019-02-05","2019","02","05","†","3.5","","3.5","","3.5","","14.5","","0.0","","0.0","","1.0","","10.0","","0","","","","",""
"-79.69","43.51","OAKVILLE TWN","6155750","2019-02-06","2019","02","06","†","0.0","","-7.0","","-3.5","","21.5","","0.0","","2.0","","0.6","","8.0","","1","","","","",""
"-79.69","43.51","OAKVILLE TWN","6155750","2019-02-07","2019","02","07","†","8.0","","-4.0","","2.0","","16.0","","0.0","","0.6","","0.0","","0.6","","0","T","","","",""
"-79.69","43.51","OAKVILLE TWN","6155750","2019-02-08","2019","02","08","†","-1.5","","-5.0","","-3.3","","21.3","","0.0","","0.0","","0.0","","0.0","","0","T","","","",""
"-79.69","43.51","OAKVILLE TWN","6155750","2019-02-09","2019","02","09","†","-2.5","","-11.0","","-6.8","","24.8","","0.0","","0.0","","0.0","","0.0","","0","","","","",""
"-79.69","43.51","OAKVILLE TWN","6155750","2019-02-10","2019","02","10","†","-3.0","","-10.0","","-6.5","","24.5","","0.0","","0.0","","1.0","","1.0","","0","","","","",""
"-79.69","43.51","OAKVILLE TWN","6155750","2019-02-11","2019","02","11","†","-3.0","","-7.0","","-5.0","","23.0","","0.0","","0.0","","0.0","T","0.0","","0","","","","",""
"-79.69","43.51","OAKVILLE TWN","6155750","2019-02-12","2019","02","12","†","1.0","","-6.0","","-2.5","","20.5","","0.0","","0.0","","11.0","","35.0","","2","","","","",""
"-79.69","43.51","OAKVILLE TWN","6155750","2019-02-13","2019","02","13","†","-0.5","","-4.0","","-2.3","","20.3","","0.0","","0.0","","0.0","","0.0","","13","","","","",""
"-79.69","43.51","OAKVILLE TWN","6155750","2019-02-14","2019","02","14","†","4.0","","-6.5","","-1.3","","19.3","","0.0","","2.2","","0.0","T","2.2","","15","","","","",""
"-79.69","43.51","OAKVILLE TWN","6155750","2019-02-15","2019","02","15","†","2.0","","-3.5","","-0.8","","18.8","","0.0","","0.0","","0.0","T","0.0","","6","","","","",""
"-79.69","43.51","OAKVILLE TWN","6155750","2019-02-16","2019","02","16","†","-1.0","","-8.0","","-4.5","","22.5","","0.0","","0.0","","0.0","","0.0","","5","","","","",""
"-79.69","43.51","OAKVILLE TWN","6155750","2019-02-17","2019","02","17","†","-5.5","","-11.0","","-8.3","","26.3","","0.0","","0.0","","6.0","","4.0","","5","","","","",""
"-79.69","43.51","OAKVILLE TWN","6155750","2019-02-18","2019","02","18","†","-2.0","","-10.5","","-6.3","","24.3","","0.0","","0.0","","0.0","","0.0","","10","","","","",""
"-79.69","43.51","OAKVILLE TWN","6155750","2019-02-19","2019","02","19","†","-3.0","","-16.5","","-9.8","","27.8","","0.0","","0.0","","0.0","","0.0","","10","","","","",""
"-79.69","43.51","OAKVILLE TWN","6155750","2019-02-20","2019","02","20","†","3.0","","-11.0","","-4.0","","22.0","","0.0","","3.4","","0.0","","3.4","","8","","","","",""
"-79.69","43.51","OAKVILLE TWN","6155750","2019-02-21","2019","02","21","†","5.0","","-7.0","","-1.0","","19.0","","0.0","","0.0","","0.0","","0.0","","7","","","","",""
"-79.69","43.51","OAKVILLE TWN","6155750","2019-02-22","2019","02","22","†","4.0","","-5.5","","-0.8","","18.8","","0.0","","0.0","","0.0","","0.0","","6","","","","",""
"-79.69","43.51","OAKVILLE TWN","6155750","2019-02-23","2019","02","23","†","4.0","","-4.0","","0.0","","18.0","","0.0","","8.0","","0.0","","8.0","","4","","","","",""
"-79.69","43.51","OAKVILLE TWN","6155750","2019-02-24","2019","02","24","†","8.0","","0.0","","4.0","","14.0","","0.0","","0.2","","1.0","","1.2","","3","","","","",""
"-79.69","43.51","OAKVILLE TWN","6155750","2019-02-25","2019","02","25","†","-3.5","","-7.0","","-5.3","","23.3","","0.0","","0.0","","0.0","","0.0","","3","","","","",""
"-79.69","43.51","OAKVILLE TWN","6155750","2019-02-26","2019","02","26","†","-4.0","","-11.0","","-7.5","","25.5","","0.0","","0.0","","6.0","","3.6","","0","T","","","",""
"-79.69","43.51","OAKVILLE TWN","6155750","2019-02-27","2019","02","27","†","-6.0","","-12.0","","-9.0","","27.0","","0.0","","0.0","","12.0","","13.2","","6","","","","",""
"-79.69","43.51","OAKVILLE TWN","6155750","2019-02-28","2019","02","28","†","-4.0","","-20.0","","-12.0","","30.0","","0.0","","0.0","","0.0","","0.0","","18","","","","",""
"-79.69","43.51","OAKVILLE TWN","6155750","2019-03-01","2019","03","01","†","1.0","","-14.0","","-6.5","","24.5","","0.0","","0.0","","0.0","","0.0","","12","","","","",""
"-79.69","43.51","OAKVILLE TWN","6155750","2019-03-02","2019","03","02","†","0.0","","-6.0","","-3.0","","21.0","","0.0","","0.0","","4.0","","2.6","","11","","","","",""
"-79.69","43.51","OAKVILLE TWN","6155750","2019-03-03","2019","03","03","†","-0.5","","-7.0","","-3.8","","21.8","","0.0","","0.0","","0.0","T","0.0","","14","","","","",""
"-79.69","43.51","OAKVILLE TWN","6155750","2019-03-04","2019","03","04","†","-6.5","","-15.0","","-10.8","","28.8","","0.0","","0.0","","0.0","T","0.0","","13","","","","",""
"-79.69","43.51","OAKVILLE TWN","6155750","2019-03-05","2019","03","05","†","-6.5","","-17.0","","-11.8","","29.8","","0.0","","0.0","","0.0","T","0.0","","12","","","","",""
"-79.69","43.51","OAKVILLE TWN","6155750","2019-03-06","2019","03","06","†","-7.0","","-16.0","","-11.5","","29.5","","0.0","","0.0","","0.0","","0.0","","12","","","","",""
"-79.69","43.51","OAKVILLE TWN","6155750","2019-03-07","2019","03","07","†","-3.0","","-14.5","","-8.8","","26.8","","0.0","","0.0","","0.0","","0.0","","11","","","","",""
"-79.69","43.51","OAKVILLE TWN","6155750","2019-03-08","2019","03","08","†","1.0","","-15.5","","-7.3","","25.3","","0.0","","0.0","","0.0","","0.0","","11","","","","",""
"-79.69","43.51","OAKVILLE TWN","6155750","2019-03-09","2019","03","09","†","5.0","","-12.5","","-3.8","","21.8","","0.0","","","M","0.0","","0.0","","10","","","","",""
"-79.69","43.51","OAKVILLE TWN","6155750","2019-03-10","2019","03","10","†","6.0","","-2.0","","2.0","","16.0","","0.0","","0.6","","0.0","","0.6","","6","","","","",""
"-79.69","43.51","OAKVILLE TWN","6155750","2019-03-11","2019","03","11","†","2.0","","0.0","","1.0","","17.0","","0.0","","0.0","","0.0","","0.0","","1","","","","",""
"-79.69","43.51","OAKVILLE TWN","6155750","2019-03-12","2019","03","12","†","5.0","","-4.0","","0.5","","17.5","","0.0","","0.0","","0.0","","0.0","","1","","","","",""
"-79.69","43.51","OAKVILLE TWN","6155750","2019-03-13","2019","03","13","†","4.0","","-4.0","","0.0","","18.0","","0.0","","0.0","","0.0","","0.0","","1","","","","",""
"-79.69","43.51","OAKVILLE TWN","6155750","2019-03-14","2019","03","14","†","11.0","","-1.0","","5.0","","13.0","","0.0","","10.0","","0.0","","10.0","","0","T","","","",""
"-79.69","43.51","OAKVILLE TWN","6155750","2019-03-15","2019","03","15","†","7.5","","2.0","","4.8","","13.2","","0.0","","1.0","","0.0","T","1.0","","0","","","","",""
"-79.69","43.51","OAKVILLE TWN","6155750","2019-03-16","2019","03","16","†","3.0","","-2.0","","0.5","","17.5","","0.0","","0.0","","0.6","","0.6","","0","","","","",""
"-79.69","43.51","OAKVILLE TWN","6155750","2019-03-17","2019","03","17","†","4.0","","-7.0","","-1.5","","19.5","","0.0","","0.0","","0.0","","0.0","","0","T","","","",""
"-79.69","43.51","OAKVILLE TWN","6155750","2019-03-18","2019","03","18","†","5.0","","-4.0","","0.5","","17.5","","0.0","","0.0","","0.0","T","0.0","","0","","","","",""
"-79.69","43.51","OAKVILLE TWN","6155750","2019-03-19","2019","03","19","†","8.0","","-3.5","","2.3","","15.7","","0.0","","0.0","","0.0","","0.0","","0","","","","",""
"-79.69","43.51","OAKVILLE TWN","6155750","2019-03-20","2019","03","20","†","11.0","","-2.0","","4.5","","13.5","","0.0","","1.2","","0.0","","1.2","","0","","","","",""
"-79.69","43.51","OAKVILLE TWN","6155750","2019-03-21","2019","03","21","†","9.0","","1.5","","5.3","","12.7","","0.0","","0.2","","0.0","","0.2","","0","","","","",""
"-79.69","43.51","OAKVILLE TWN","6155750","2019-03-22","2019","03","22","†","6.0","","1.5","","3.8","","14.2","","0.0","","0.0","","0.0","","0.0","","0","","","","",""
"-79.69","43.51","OAKVILLE TWN","6155750","2019-03-23","2019","03","23","†","6.0","","-7.5","","-0.8","","18.8","","0.0","","0.0","","0.0","","0.0","","0","","","","",""
"-79.69","43.51","OAKVILLE TWN","6155750","2019-03-24","2019","03","24","†","10.0","","-5.5","","2.3","","15.7","","0.0","","0.0","","0.0","","0.0","","0","","","","",""
"-79.69","43.51","OAKVILLE TWN","6155750","2019-03-25","2019","03","25","†","3.0","","-4.5","","-0.8","","18.8","","0.0","","0.0","","0.0","","0.0","","0","","","","",""
"-79.69","43.51","OAKVILLE TWN","6155750","2019-03-26","2019","03","26","†","4.5","","-5.0","","-0.3","","18.3","","0.0","","0.0","","0.0","","0.0","","0","","","","",""
"-79.69","43.51","OAKVILLE TWN","6155750","2019-03-27","2019","03","27","†","9.0","","-4.0","","2.5","","15.5","","0.0","","0.2","","0.0","","0.2","","0","","","","",""
"-79.69","43.51","OAKVILLE TWN","6155750","2019-03-28","2019","03","28","†","13.0","","-2.0","","5.5","","12.5","","0.0","","0.0","","0.0","","0.0","","0","","","","",""
"-79.69","43.51","OAKVILLE TWN","6155750","2019-03-29","2019","03","29","†","13.0","","3.0","","8.0","","10.0","","0.0","","13.0","","0.0","","13.0","","0","","","","",""
"-79.69","43.51","OAKVILLE TWN","6155750","2019-03-30","2019","03","30","†","5.0","","1.0","","3.0","","15.0","","0.0","","17.8","","6.0","","25.0","","0","","","","",""
"-79.69","43.51","OAKVILLE TWN","6155750","2019-03-31","2019","03","31","†","3.0","","-1.0","","1.0","","17.0","","0.0","","0.0","","0.0","T","0.0","","6","","","","",""
"-79.69","43.51","OAKVILLE TWN","6155750","2019-04-01","2019","04","01","†","4.5","","-6.0","","-0.8","","18.8","","0.0","","0.0","","0.0","","0.0","","0","T","","","",""
"-79.69","43.51","OAKVILLE TWN","6155750","2019-04-02","2019","04","02","†","9.5","","-2.5","","3.5","","14.5","","0.0","","0.0","","0.0","","0.0","","0","","","","",""
"-79.69","43.51","OAKVILLE TWN","6155750","2019-04-03","2019","04","03","†","7.5","","2.0","","4.8","","13.2","","0.0","","0.0","T","0.0","T","0.0","T","0","","","","",""
"-79.69","43.51","OAKVILLE TWN","6155750","2019-04-04","2019","04","04","†","5.5","","-2.5","","1.5","","16.5","","0.0","","0.2","","0.0","","0.2","","0","","","","",""
"-79.69","43.51","OAKVILLE TWN","6155750","2019-04-05","2019","04","05","†","7.5","","0.5","","4.0","","14.0","","0.0","","0.0","T","0.0","","0.0","T","0","","","","",""
"-79.69","43.51","OAKVILLE TWN","6155750","2019-04-06","2019","04","06","†","15.0","","0.5","","7.8","","10.2","","0.0","","0.0","","0.0","","0.0","","0","","","","",""
"-79.69","43.51","OAKVILLE TWN","6155750","2019-04-07","2019","04","07","†","10.0","","6.0","","8.0","","10.0","","0.0","","6.4","","0.0","","6.4","","0","","","","",""
"-79.69","43.51","OAKVILLE TWN","6155750","2019-04-08","2019","04","08","†","16.0","","4.0","","10.0","","8.0","","0.0","","0.8","","0.0","","0.8","","0","","","","",""
"-79.69","43.51","OAKVILLE TWN","6155750","2019-04-09","2019","04","09","†","10.0","","4.5","","7.3","","10.7","","0.0","","0.0","","0.0","","0.0","","0","","","","",""
"-79.69","43.51","OAKVILLE TWN","6155750","2019-04-10","2019","04","10","†","7.0","","0.0","","3.5","","14.5","","0.0","","0.0","","0.0","T","0.0","","0","","","","",""
"-79.69","43.51","OAKVILLE TWN","6155750","2019-04-11","2019","04","11","†","5.5","","-1.0","","2.3","","15.7","","0.0","","1.0","","0.0","T","1.0","","0","","","","",""
"-79.69","43.51","OAKVILLE TWN","6155750","2019-04-12","2019","04","12","†","14.0","","-1.0","","6.5","","11.5","","0.0","","2.0","","0.0","","2.0","","0","","","","",""
"-79.69","43.51","OAKVILLE TWN","6155750","2019-04-13","2019","04","13","†","16.0","","3.0","","9.5","","8.5","","0.0","","1.8","","0.0","","1.8","","0","","","","",""
"-79.69","43.51","OAKVILLE TWN","6155750","2019-04-14","2019","04","14","†","5.0","","2.0","","3.5","","14.5","","0.0","","23.6","","0.0","","23.6","","0","","","","",""
"-79.69","43.51","OAKVILLE TWN","6155750","2019-04-15","2019","04","15","†","10.0","","2.5","","6.3","","11.7","","0.0","","0.0","","0.0","","0.0","","0","","","","",""
"-79.69","43.51","OAKVILLE TWN","6155750","2019-04-16","2019","04","16","†","9.0","","0.0","","4.5","","13.5","","0.0","","2.2","","0.0","","2.2","","0","","","","",""
"-79.69","43.51","OAKVILLE TWN","6155750","2019-04-17","2019","04","17","†","10.5","","0.5","","5.5","","12.5","","0.0","","0.8","","0.0","","0.8","","0","","","","",""
"-79.69","43.51","OAKVILLE TWN","6155750","2019-04-18","2019","04","18","†","22.5","","4.0","","13.3","","4.7","","0.0","","3.0","","0.0","","3.0","","0","","","","",""
"-79.69","43.51","OAKVILLE TWN","6155750","2019-04-19","2019","04","19","†","8.0","","8.0","","8.0","","10.0","","0.0","","17.8","","0.0","","17.8","","0","","","","",""
"-79.69","43.51","OAKVILLE TWN","6155750","2019-04-20","2019","04","20","†","8.5","","4.0","","6.3","","11.7","","0.0","","10.0","","0.0","","10.0","","0","","","","",""
"-79.69","43.51","OAKVILLE TWN","6155750","2019-04-21","2019","04","21","†","13.0","","4.5","","8.8","","9.2","","0.0","","0.0","T","0.0","","0.0","T","0","","","","",""
"-79.69","43.51","OAKVILLE TWN","6155750","2019-04-22","2019","04","22","†","17.0","","6.0","","11.5","","6.5","","0.0","","0.0","","0.0","","0.0","","0","","","","",""
"-79.69","43.51","OAKVILLE TWN","6155750","2019-04-23","2019","04","23","†","15.0","","6.0","","10.5","","7.5","","0.0","","3.8","","0.0","","3.8","","0","","","","",""
"-79.69","43.51","OAKVILLE TWN","6155750","2019-04-24","2019","04","24","†","15.0","","3.0","","9.0","","9.0","","0.0","","0.0","","0.0","","0.0","","0","","","","",""
"-79.69","43.51","OAKVILLE TWN","6155750","2019-04-25","2019","04","25","†","14.0","","1.0","","7.5","","10.5","","0.0","","18.0","","0.0","","18.0","","0","","","","",""
"-79.69","43.51","OAKVILLE TWN","6155750","2019-04-26","2019","04","26","†","14.5","","5.0","","9.8","","8.2","","0.0","","1.4","","0.0","","1.4","","0","","","","",""
"-79.69","43.51","OAKVILLE TWN","6155750","2019-04-27","2019","04","27","†","8.5","","1.5","","5.0","","13.0","","0.0","","0.0","","0.0","","0.0","","0","","","","",""
"-79.69","43.51","OAKVILLE TWN","6155750","2019-04-28","2019","04","28","†","12.5","","1.0","","6.8","","11.2","","0.0","","0.0","","0.0","","0.0","","0","","","","",""
"-79.69","43.51","OAKVILLE TWN","6155750","2019-04-29","2019","04","29","†","6.5","","-0.5","","3.0","","15.0","","0.0","","1.4","","0.0","","1.4","","0","","","","",""
"-79.69","43.51","OAKVILLE TWN","6155750","2019-04-30","2019","04","30","†","10.0","","2.0","","6.0","","12.0","","0.0","","1.0","","0.0","","1.0","","0","","","","",""
"-79.69","43.51","OAKVILLE TWN","6155750","2019-05-01","2019","05","01","†","7.0","","4.0","","5.5","","12.5","","0.0","","17.0","","0.0","","17.0","","0","","","","",""
"-79.69","43.51","OAKVILLE TWN","6155750","2019-05-02","2019","05","02","†","10.0","","4.0","","7.0","","11.0","","0.0","","15.6","","0.0","","15.6","","0","","","","",""
"-79.69","43.51","OAKVILLE TWN","6155750","2019-05-03","2019","05","03","†","14.0","","4.0","","9.0","","9.0","","0.0","","1.0","","0.0","","1.0","","0","","","","",""
"-79.69","43.51","OAKVILLE TWN","6155750","2019-05-04","2019","05","04","†","14.0","","6.0","","10.0","","8.0","","0.0","","0.0","","0.0","","0.0","","0","","","","",""
"-79.69","43.51","OAKVILLE TWN","6155750","2019-05-05","2019","05","05","†","17.5","","5.0","","11.3","","6.7","","0.0","","0.0","","0.0","","0.0","","0","","","","",""
"-79.69","43.51","OAKVILLE TWN","6155750","2019-05-06","2019","05","06","†","24.5","","6.5","","15.5","","2.5","","0.0","","9.8","","0.0","","9.8","","0","","","","",""
"-79.69","43.51","OAKVILLE TWN","6155750","2019-05-07","2019","05","07","†","17.0","","8.0","","12.5","","5.5","","0.0","","0.4","","0.0","","0.4","","0","","","","",""
"-79.69","43.51","OAKVILLE TWN","6155750","2019-05-08","2019","05","08","†","10.5","","3.5","","7.0","","11.0","","0.0","","0.0","","0.0","","0.0","","0","","","","",""
"-79.69","43.51","OAKVILLE TWN","6155750","2019-05-09","2019","05","09","†","17.5","","5.0","","11.3","","6.7","","0.0","","16.0","","0.0","","16.0","","0","","","","",""
"-79.69","43.51","OAKVILLE TWN","6155750","2019-05-10","2019","05","10","†","16.5","","6.0","","11.3","","6.7","","0.0","","0.0","","0.0","","0.0","","0","","","","",""
"-79.69","43.51","OAKVILLE TWN","6155750","2019-05-11","2019","05","11","†","13.5","","1.0","","7.3","","10.7","","0.0","","0.0","T","0.0","","0.0","T","0","","","","",""
"-79.69","43.51","OAKVILLE TWN","6155750","2019-05-12","2019","05","12","†","8.0","","6.0","","7.0","","11.0","","0.0","","11.0","","0.0","","11.0","","0","","","","",""
"-79.69","43.51","OAKVILLE TWN","6155750","2019-05-13","2019","05","13","†","8.5","","4.0","","6.3","","11.7","","0.0","","11.0","","0.0","","11.0","","0","","","","",""
"-79.69","43.51","OAKVILLE TWN","6155750","2019-05-14","2019","05","14","†","16.5","","3.5","","10.0","","8.0","","0.0","","0.2","","0.0","","0.2","","0","","","","",""
"-79.69","43.51","OAKVILLE TWN","6155750","2019-05-15","2019","05","15","†","21.5","","5.5","","13.5","","4.5","","0.0","","3.6","","0.0","","3.6","","0","","","","",""
"-79.69","43.51","OAKVILLE TWN","6155750","2019-05-16","2019","05","16","†","15.5","","8.0","","11.8","","6.2","","0.0","","0.8","","0.0","","0.8","","0","","","","",""
"-79.69","43.51","OAKVILLE TWN","6155750","2019-05-17","2019","05","17","†","20.0","","7.5","","13.8","","4.2","","0.0","","0.0","","0.0","","0.0","","0","","","","",""
"-79.69","43.51","OAKVILLE TWN","6155750","2019-05-18","2019","05","18","†","15.0","","7.0","","11.0","","7.0","","0.0","","0.0","","0.0","","0.0","","0","","","","",""
"-79.69","43.51","OAKVILLE TWN","6155750","2019-05-19","2019","05","19","†","20.0","","7.5","","13.8","","4.2","","0.0","","2.8","","0.0","","2.8","","0","","","","",""
"-79.69","43.51","OAKVILLE TWN","6155750","2019-05-20","2019","05","20","†","18.0","","11.0","","14.5","","3.5","","0.0","","0.0","","0.0","","0.0","","0","","","","",""
"-79.69","43.51","OAKVILLE TWN","6155750","2019-05-21","2019","05","21","†","20.0","","5.0","","12.5","","5.5","","0.0","","0.0","","0.0","","0.0","","0","","","","",""
"-79.69","43.51","OAKVILLE TWN","6155750","2019-05-22","2019","05","22","†","13.0","","7.0","","10.0","","8.0","","0.0","","0.0","","0.0","","0.0","","0","","","","",""
"-79.69","43.51","OAKVILLE TWN","6155750","2019-05-23","2019","05","23","†","26.0","","6.0","","16.0","","2.0","","0.0","","1.4","","0.0","","1.4","","0","","","","",""
"-79.69","43.51","OAKVILLE TWN","6155750","2019-05-24","2019","05","24","†","21.0","","9.5","","15.3","","2.7","","0.0","","11.0","","0.0","","11.0","","0","","","","",""
"-79.69","43.51","OAKVILLE TWN","6155750","2019-05-25","2019","05","25","†","20.5","","8.0","","14.3","","3.7","","0.0","","13.8","","0.0","","13.8","","0","","","","",""
"-79.69","43.51","OAKVILLE TWN","6155750","2019-05-26","2019","05","26","†","25.0","","9.5","","17.3","","0.7","","0.0","","0.0","","0.0","","0.0","","0","","","","",""
"-79.69","43.51","OAKVILLE TWN","6155750","2019-05-27","2019","05","27","†","24.0","","11.5","","17.8","","0.2","","0.0","","3.0","","0.0","","3.0","","0","","","","",""
"-79.69","43.51","OAKVILLE TWN","6155750","2019-05-28","2019","05","28","†","13.0","","8.0","","10.5","","7.5","","0.0","","2.2","","0.0","","2.2","","0","","","","",""
"-79.69","43.51","OAKVILLE TWN","6155750","2019-05-29","2019","05","29","†","16.0","","7.0","","11.5","","6.5","","0.0","","1.0","","0.0","","1.0","","0","","","","",""
"-79.69","43.51","OAKVILLE TWN","6155750","2019-05-30","2019","05","30","†","24.0","","10.0","","17.0","","1.0","","0.0","","0.0","","0.0","","0.0","","0","","","","",""
"-79.69","43.51","OAKVILLE TWN","6155750","2019-05-31","2019","05","31","†","18.5","","9.0","","13.8","","4.2","","0.0","","0.0","","0.0","","0.0","","0","","","","",""
"-79.69","43.51","OAKVILLE TWN","6155750","2019-06-01","2019","06","01","†","19.5","","9.0","","14.3","","3.7","","0.0","","5.5","","0.0","","5.5","","0","","","","",""
"-79.69","43.51","OAKVILLE TWN","6155750","2019-06-02","2019","06","02","†","21.0","","12.0","","16.5","","1.5","","0.0","","0.0","T","0.0","","0.0","T","0","","","","",""
"-79.69","43.51","OAKVILLE TWN","6155750","2019-06-03","2019","06","03","†","18.5","","5.5","","12.0","","6.0","","0.0","","0.0","","0.0","","0.0","","0","","","","",""
"-79.69","43.51","OAKVILLE TWN","6155750","2019-06-04","2019","06","04","†","19.5","","6.0","","12.8","","5.2","","0.0","","0.2","","0.0","","0.2","","0","","","","",""
"-79.69","43.51","OAKVILLE TWN","6155750","2019-06-05","2019","06","05","†","18.5","","10.5","","14.5","","3.5","","0.0","","21.2","","0.0","","21.2","","0","","","","",""
"-79.69","43.51","OAKVILLE TWN","6155750","2019-06-06","2019","06","06","†","23.5","","10.5","","17.0","","1.0","","0.0","","0.0","","0.0","","0.0","","0","","","","",""
"-79.69","43.51","OAKVILLE TWN","6155750","2019-06-07","2019","06","07","†","27.0","","12.0","","19.5","","0.0","","1.5","","0.0","","0.0","","0.0","","0","","","","",""
"-79.69","43.51","OAKVILLE TWN","6155750","2019-06-08","2019","06","08","†","23.0","","16.0","","19.5","","0.0","","1.5","","0.0","","0.0","","0.0","","0","","","","",""
"-79.69","43.51","OAKVILLE TWN","6155750","2019-06-09","2019","06","09","†","22.0","","14.0","","18.0","","0.0","","0.0","","2.2","","0.0","","2.2","","0","","","","",""
"-79.69","43.51","OAKVILLE TWN","6155750","2019-06-10","2019","06","10","†","16.5","","12.0","","14.3","","3.7","","0.0","","9.6","","0.0","","9.6","","0","","","","",""
"-79.69","43.51","OAKVILLE TWN","6155750","2019-06-11","2019","06","11","†","23.5","","9.5","","16.5","","1.5","","0.0","","0.0","","0.0","","0.0","","0","","","","",""
"-79.69","43.51","OAKVILLE TWN","6155750","2019-06-12","2019","06","12","†","22.0","","9.5","","15.8","","2.2","","0.0","","5.8","","0.0","","5.8","","0","","","","",""
"-79.69","43.51","OAKVILLE TWN","6155750","2019-06-13","2019","06","13","†","17.5","","11.5","","14.5","","3.5","","0.0","","15.0","","0.0","","15.0","","0","","","","",""
"-79.69","43.51","OAKVILLE TWN","6155750","2019-06-14","2019","06","14","†","24.0","","10.5","","17.3","","0.7","","0.0","","0.1","","0.0","","0.1","","0","","","","",""
"-79.69","43.51","OAKVILLE TWN","6155750","2019-06-15","2019","06","15","†","21.5","","15.0","","18.3","","0.0","","0.3","","1.0","","0.0","","1.0","","0","","","","",""
"-79.69","43.51","OAKVILLE TWN","6155750","2019-06-16","2019","06","16","†","20.5","","11.0","","15.8","","2.2","","0.0","","0.0","","0.0","","0.0","","0","","","","",""
"-79.69","43.51","OAKVILLE TWN","6155750","2019-06-17","2019","06","17","†","21.5","","13.0","","17.3","","0.7","","0.0","","0.0","","0.0","","0.0","","0","","","","",""
"-79.69","43.51","OAKVILLE TWN","6155750","2019-06-18","2019","06","18","†","25.0","","15.0","","20.0","","0.0","","2.0","","0.0","","0.0","","0.0","","0","","","","",""
"-79.69","43.51","OAKVILLE TWN","6155750","2019-06-19","2019","06","19","†","26.0","","14.0","","20.0","","0.0","","2.0","","2.0","","0.0","","2.0","","0","","","","",""
"-79.69","43.51","OAKVILLE TWN","6155750","2019-06-20","2019","06","20","†","22.5","","16.5","","19.5","","0.0","","1.5","","17.4","","0.0","","17.4","","0","","","","",""
"-79.69","43.51","OAKVILLE TWN","6155750","2019-06-21","2019","06","21","†","25.0","","15.0","","20.0","","0.0","","2.0","","0.0","","0.0","","0.0","","0","","","","",""
"-79.69","43.51","OAKVILLE TWN","6155750","2019-06-22","2019","06","22","†","26.0","","13.0","","19.5","","0.0","","1.5","","0.0","","0.0","","0.0","","0","","","","",""
"-79.69","43.51","OAKVILLE TWN","6155750","2019-06-23","2019","06","23","†","27.0","","12.0","","19.5","","0.0","","1.5","","0.0","","0.0","","0.0","","0","","","","",""
"-79.69","43.51","OAKVILLE TWN","6155750","2019-06-24","2019","06","24","†","23.0","","14.0","","18.5","","0.0","","0.5","","14.2","","0.0","","14.2","","0","","","","",""
"-79.69","43.51","OAKVILLE TWN","6155750","2019-06-25","2019","06","25","†","26.5","","15.0","","20.8","","0.0","","2.8","","0.2","","0.0","","0.2","","0","","","","",""
"-79.69","43.51","OAKVILLE TWN","6155750","2019-06-26","2019","06","26","†","30.0","","17.0","","23.5","","0.0","","5.5","","0.0","","0.0","","0.0","","0","","","","",""
"-79.69","43.51","OAKVILLE TWN","6155750","2019-06-27","2019","06","27","†","30.5","","17.0","","23.8","","0.0","","5.8","","0.0","","0.0","","0.0","","0","","","","",""
"-79.69","43.51","OAKVILLE TWN","6155750","2019-06-28","2019","06","28","†","31.5","","17.0","","24.3","","0.0","","6.3","","2.6","","0.0","","2.6","","0","","","","",""
"-79.69","43.51","OAKVILLE TWN","6155750","2019-06-29","2019","06","29","†","30.0","","19.5","","24.8","","0.0","","6.8","","0.0","","0.0","","0.0","","0","","","","",""
"-79.69","43.51","OAKVILLE TWN","6155750","2019-06-30","2019","06","30","†","26.0","","17.0","","21.5","","0.0","","3.5","","0.0","","0.0","","0.0","","0","","","","",""
"-79.69","43.51","OAKVILLE TWN","6155750","2019-07-01","2019","07","01","†","28.5","","13.0","","20.8","","0.0","","2.8","","1.0","","0.0","","1.0","","0","","","","",""
"-79.69","43.51","OAKVILLE TWN","6155750","2019-07-02","2019","07","02","†","27.0","","19.0","","23.0","","0.0","","5.0","","0.2","","0.0","","0.2","","0","","","","",""
"-79.69","43.51","OAKVILLE TWN","6155750","2019-07-03","2019","07","03","†","30.0","","19.0","","24.5","","0.0","","6.5","","0.0","","0.0","","0.0","","0","","","","",""
"-79.69","43.51","OAKVILLE TWN","6155750","2019-07-04","2019","07","04","†","28.0","","18.0","","23.0","","0.0","","5.0","","0.0","","0.0","","0.0","","0","","","","",""
"-79.69","43.51","OAKVILLE TWN","6155750","2019-07-05","2019","07","05","†","32.0","","19.5","","25.8","","0.0","","7.8","","5.8","","0.0","","5.8","","0","","","","",""
"-79.69","43.51","OAKVILLE TWN","6155750","2019-07-06","2019","07","06","†","30.0","","22.5","","26.3","","0.0","","8.3","","0.0","","0.0","","0.0","","0","","","","",""
"-79.69","43.51","OAKVILLE TWN","6155750","2019-07-07","2019","07","07","†","24.0","","18.0","","21.0","","0.0","","3.0","","0.0","","0.0","","0.0","","0","","","","",""
"-79.69","43.51","OAKVILLE TWN","6155750","2019-07-08","2019","07","08","†","26.5","","15.0","","20.8","","0.0","","2.8","","0.0","","0.0","","0.0","","0","","","","",""
"-79.69","43.51","OAKVILLE TWN","6155750","2019-07-09","2019","07","09","†","28.0","","15.0","","21.5","","0.0","","3.5","","0.0","","0.0","","0.0","","0","","","","",""
"-79.69","43.51","OAKVILLE TWN","6155750","2019-07-10","2019","07","10","†","29.0","","15.5","","22.3","","0.0","","4.3","","0.0","","0.0","","0.0","","0","","","","",""
"-79.69","43.51","OAKVILLE TWN","6155750","2019-07-11","2019","07","11","†","31.5","","21.0","","26.3","","0.0","","8.3","","16.2","","0.0","","16.2","","0","","","","",""
"-79.69","43.51","OAKVILLE TWN","6155750","2019-07-12","2019","07","12","†","24.5","","15.5","","20.0","","0.0","","2.0","","0.0","","0.0","","0.0","","0","","","","",""
"-79.69","43.51","OAKVILLE TWN","6155750","2019-07-13","2019","07","13","†","31.0","","14.5","","22.8","","0.0","","4.8","","6.0","","0.0","","6.0","","0","","","","",""
"-79.69","43.51","OAKVILLE TWN","6155750","2019-07-14","2019","07","14","†","28.5","","16.0","","22.3","","0.0","","4.3","","0.0","","0.0","","0.0","","0","","","","",""
"-79.69","43.51","OAKVILLE TWN","6155750","2019-07-15","2019","07","15","†","28.0","","14.0","","21.0","","0.0","","3.0","","0.2","","0.0","","0.2","","0","","","","",""
"-79.69","43.51","OAKVILLE TWN","6155750","2019-07-16","2019","07","16","†","32.0","","18.0","","25.0","","0.0","","7.0","","9.0","","0.0","","9.0","","0","","","","",""
"-79.69","43.51","OAKVILLE TWN","6155750","2019-07-17","2019","07","17","†","28.5","","21.5","","25.0","","0.0","","7.0","","5.6","","0.0","","5.6","","0","","","","",""
"-79.69","43.51","OAKVILLE TWN","6155750","2019-07-18","2019","07","18","†","29.5","","20.5","","25.0","","0.0","","7.0","","0.0","","0.0","","0.0","","0","","","","",""
"-79.69","43.51","OAKVILLE TWN","6155750","2019-07-19","2019","07","19","†","32.0","","20.5","","26.3","","0.0","","8.3","","2.0","","0.0","","2.0","","0","","","","",""
"-79.69","43.51","OAKVILLE TWN","6155750","2019-07-20","2019","07","20","†","34.5","","24.0","","29.3","","0.0","","11.3","","7.0","","0.0","","7.0","","0","","","","",""
"-79.69","43.51","OAKVILLE TWN","6155750","2019-07-21","2019","07","21","†","30.5","","20.5","","25.5","","0.0","","7.5","","0.0","T","0.0","","0.0","T","0","","","","",""
"-79.69","43.51","OAKVILLE TWN","6155750","2019-07-22","2019","07","22","†","25.0","","18.0","","21.5","","0.0","","3.5","","2.0","","0.0","","2.0","","0","","","","",""
"-79.69","43.51","OAKVILLE TWN","6155750","2019-07-23","2019","07","23","†","28.0","","14.5","","21.3","","0.0","","3.3","","0.0","","0.0","","0.0","","0","","","","",""
"-79.69","43.51","OAKVILLE TWN","6155750","2019-07-24","2019","07","24","†","29.0","","16.0","","22.5","","0.0","","4.5","","0.0","","0.0","","0.0","","0","","","","",""
"-79.69","43.51","OAKVILLE TWN","6155750","2019-07-25","2019","07","25","†","31.0","","15.0","","23.0","","0.0","","5.0","","1.8","","0.0","","1.8","","0","","","","",""
"-79.69","43.51","OAKVILLE TWN","6155750","2019-07-26","2019","07","26","†","31.5","","17.0","","24.3","","0.0","","6.3","","0.0","","0.0","","0.0","","0","","","","",""
"-79.69","43.51","OAKVILLE TWN","6155750","2019-07-27","2019","07","27","†","31.5","","17.5","","24.5","","0.0","","6.5","","0.0","","0.0","","0.0","","0","","","","",""
"-79.69","43.51","OAKVILLE TWN","6155750","2019-07-28","2019","07","28","†","32.5","","21.0","","26.8","","0.0","","8.8","","0.0","","0.0","","0.0","","0","","","","",""
"-79.69","43.51","OAKVILLE TWN","6155750","2019-07-29","2019","07","29","†","33.0","","20.0","","26.5","","0.0","","8.5","","15.2","","0.0","","15.2","","0","","","","",""
"-79.69","43.51","OAKVILLE TWN","6155750","2019-07-30","2019","07","30","†","31.0","","19.5","","25.3","","0.0","","7.3","","0.6","","0.0","","0.6","","0","","","","",""
"-79.69","43.51","OAKVILLE TWN","6155750","2019-07-31","2019","07","31","†","27.0","","16.0","","21.5","","0.0","","3.5","","0.0","","0.0","","0.0","","0","","","","",""
"-79.69","43.51","OAKVILLE TWN","6155750","2019-08-01","2019","08","01","†","26.0","","17.0","","21.5","","0.0","","3.5","","0.0","","0.0","","0.0","","0","","","","",""
"-79.69","43.51","OAKVILLE TWN","6155750","2019-08-02","2019","08","02","†","29.0","","17.0","","23.0","","0.0","","5.0","","0.0","","0.0","","0.0","","0","","","","",""
"-79.69","43.51","OAKVILLE TWN","6155750","2019-08-03","2019","08","03","†","31.5","","14.0","","22.8","","0.0","","4.8","","0.0","","0.0","","0.0","","0","","","","",""
"-79.69","43.51","OAKVILLE TWN","6155750","2019-08-04","2019","08","04","†","26.0","","19.5","","22.8","","0.0","","4.8","","0.0","","0.0","","0.0","","0","","","","",""
"-79.69","43.51","OAKVILLE TWN","6155750","2019-08-05","2019","08","05","†","29.5","","14.0","","21.8","","0.0","","3.8","","0.0","","0.0","","0.0","","0","","","","",""
"-79.69","43.51","OAKVILLE TWN","6155750","2019-08-06","2019","08","06","†","28.5","","19.5","","24.0","","0.0","","6.0","","4.0","","0.0","","4.0","","0","","","","",""
"-79.69","43.51","OAKVILLE TWN","6155750","2019-08-07","2019","08","07","†","30.5","","19.0","","24.8","","0.0","","6.8","","0.0","T","0.0","","0.0","T","0","","","","",""
"-79.69","43.51","OAKVILLE TWN","6155750","2019-08-08","2019","08","08","†","27.0","","16.0","","21.5","","0.0","","3.5","","4.0","","0.0","","4.0","","0","","","","",""
"-79.69","43.51","OAKVILLE TWN","6155750","2019-08-09","2019","08","09","†","27.0","","13.5","","20.3","","0.0","","2.3","","0.0","","0.0","","0.0","","0","","","","",""
"-79.69","43.51","OAKVILLE TWN","6155750","2019-08-10","2019","08","10","†","26.0","","12.5","","19.3","","0.0","","1.3","","0.0","","0.0","","0.0","","0","","","","",""
"-79.69","43.51","OAKVILLE TWN","6155750","2019-08-11","2019","08","11","†","30.0","","13.0","","21.5","","0.0","","3.5","","0.0","","0.0","","0.0","","0","","","","",""
"-79.69","43.51","OAKVILLE TWN","6155750","2019-08-12","2019","08","12","†","31.5","","19.0","","25.3","","0.0","","7.3","","0.0","","0.0","","0.0","","0","","","","",""
"-79.69","43.51","OAKVILLE TWN","6155750","2019-08-13","2019","08","13","†","28.5","","19.0","","23.8","","0.0","","5.8","","0.0","","0.0","","0.0","","0","","","","",""
"-79.69","43.51","OAKVILLE TWN","6155750","2019-08-14","2019","08","14","†","26.0","","17.0","","21.5","","0.0","","3.5","","0.0","","0.0","","0.0","","0","","","","",""
"-79.69","43.51","OAKVILLE TWN","6155750","2019-08-15","2019","08","15","†","23.0","","16.0","","19.5","","0.0","","1.5","","4.0","","0.0","","4.0","","0","","","","",""
"-79.69","43.51","OAKVILLE TWN","6155750","2019-08-16","2019","08","16","†","25.0","","16.0","","20.5","","0.0","","2.5","","9.0","","0.0","","9.0","","0","","","","",""
"-79.69","43.51","OAKVILLE TWN","6155750","2019-08-17","2019","08","17","†","31.0","","16.0","","23.5","","0.0","","5.5","","4.6","","0.0","","4.6","","0","","","","",""
"-79.69","43.51","OAKVILLE TWN","6155750","2019-08-18","2019","08","18","†","28.0","","19.0","","23.5","","0.0","","5.5","","2.6","","0.0","","2.6","","0","","","","",""
"-79.69","43.51","OAKVILLE TWN","6155750","2019-08-19","2019","08","19","†","29.0","","19.5","","24.3","","0.0","","6.3","","0.0","","0.0","","0.0","","0","","","","",""
"-79.69","43.51","OAKVILLE TWN","6155750","2019-08-20","2019","08","20","†","28.0","","15.5","","21.8","","0.0","","3.8","","9.0","","0.0","","9.0","","0","","","","",""
"-79.69","43.51","OAKVILLE TWN","6155750","2019-08-21","2019","08","21","†","31.0","","19.0","","25.0","","0.0","","7.0","","0.0","","0.0","","0.0","","0","","","","",""
"-79.69","43.51","OAKVILLE TWN","6155750","2019-08-22","2019","08","22","†","25.5","","16.0","","20.8","","0.0","","2.8","","0.0","","0.0","","0.0","","0","","","","",""
"-79.69","43.51","OAKVILLE TWN","6155750","2019-08-23","2019","08","23","†","24.5","","13.5","","19.0","","0.0","","1.0","","0.0","","0.0","","0.0","","0","","","","",""
"-79.69","43.51","OAKVILLE TWN","6155750","2019-08-24","2019","08","24","†","23.0","","13.5","","18.3","","0.0","","0.3","","0.0","","0.0","","0.0","","0","","","","",""
"-79.69","43.51","OAKVILLE TWN","6155750","2019-08-25","2019","08","25","†","23.0","","14.0","","18.5","","0.0","","0.5","","0.0","","0.0","","0.0","","0","","","","",""
"-79.69","43.51","OAKVILLE TWN","6155750","2019-08-26","2019","08","26","†","25.0","","15.5","","20.3","","0.0","","2.3","","2.0","","0.0","","2.0","","0","","","","",""
"-79.69","43.51","OAKVILLE TWN","6155750","2019-08-27","2019","08","27","†","23.0","","17.0","","20.0","","0.0","","2.0","","10.6","","0.0","","10.6","","0","","","","",""
"-79.69","43.51","OAKVILLE TWN","6155750","2019-08-28","2019","08","28","†","28.0","","17.0","","22.5","","0.0","","4.5","","0.0","","0.0","","0.0","","0","","","","",""
"-79.69","43.51","OAKVILLE TWN","6155750","2019-08-29","2019","08","29","†","26.0","","14.0","","20.0","","0.0","","2.0","","4.0","","0.0","","4.0","","0","","","","",""
"-79.69","43.51","OAKVILLE TWN","6155750","2019-08-30","2019","08","30","†","25.5","","15.0","","20.3","","0.0","","2.3","","0.0","","0.0","","0.0","","0","","","","",""
"-79.69","43.51","OAKVILLE TWN","6155750","2019-08-31","2019","08","31","†","22.5","","10.0","","16.3","","1.7","","0.0","","0.0","","0.0","","0.0","","0","","","","",""
"-79.69","43.51","OAKVILLE TWN","6155750","2019-09-01","2019","09","01","†","20.5","","15.0","","17.8","","0.2","","0.0","","1.4","","0.0","","1.4","","0","","","","",""
"-79.69","43.51","OAKVILLE TWN","6155750","2019-09-02","2019","09","02","†","26.0","","15.5","","20.8","","0.0","","2.8","","0.2","","0.0","","0.2","","0","","","","",""
"-79.69","43.51","OAKVILLE TWN","6155750","2019-09-03","2019","09","03","†","25.0","","12.5","","18.8","","0.0","","0.8","","5.2","","0.0","","5.2","","0","","","","",""
"-79.69","43.51","OAKVILLE TWN","6155750","2019-09-04","2019","09","04","†","22.0","","16.5","","19.3","","0.0","","1.3","","0.0","","0.0","","0.0","","0","","","","",""
"-79.69","43.51","OAKVILLE TWN","6155750","2019-09-05","2019","09","05","†","22.0","","9.0","","15.5","","2.5","","0.0","","0.0","","0.0","","0.0","","0","","","","",""
"-79.69","43.51","OAKVILLE TWN","6155750","2019-09-06","2019","09","06","†","22.0","","12.0","","17.0","","1.0","","0.0","","1.4","","0.0","","1.4","","0","","","","",""
"-79.69","43.51","OAKVILLE TWN","6155750","2019-09-07","2019","09","07","†","24.0","","11.0","","17.5","","0.5","","0.0","","0.0","","0.0","","0.0","","0","","","","",""
"-79.69","43.51","OAKVILLE TWN","6155750","2019-09-08","2019","09","08","†","19.5","","11.0","","15.3","","2.7","","0.0","","0.0","","0.0","","0.0","","0","","","","",""
"-79.69","43.51","OAKVILLE TWN","6155750","2019-09-09","2019","09","09","†","19.0","","9.5","","14.3","","3.7","","0.0","","0.0","","0.0","","0.0","","0","","","","",""
"-79.69","43.51","OAKVILLE TWN","6155750","2019-09-10","2019","09","10","†","25.5","","11.5","","18.5","","0.0","","0.5","","6.4","","0.0","","6.4","","0","","","","",""
"-79.69","43.51","OAKVILLE TWN","6155750","2019-09-11","2019","09","11","†","30.0","","17.0","","23.5","","0.0","","5.5","","6.0","","0.0","","6.0","","0","","","","",""
"-79.69","43.51","OAKVILLE TWN","6155750","2019-09-12","2019","09","12","†","19.0","","13.0","","16.0","","2.0","","0.0","","1.0","","0.0","","1.0","","0","","","","",""
"-79.69","43.51","OAKVILLE TWN","6155750","2019-09-13","2019","09","13","†","23.5","","12.5","","18.0","","0.0","","0.0","","2.2","","0.0","","2.2","","0","","","","",""
"-79.69","43.51","OAKVILLE TWN","6155750","2019-09-14","2019","09","14","†","24.0","","14.5","","19.3","","0.0","","1.3","","0.0","","0.0","","0.0","","0","","","","",""
"-79.69","43.51","OAKVILLE TWN","6155750","2019-09-15","2019","09","15","†","19.0","","11.0","","15.0","","3.0","","0.0","","3.0","","0.0","","3.0","","0","","","","",""
"-79.69","43.51","OAKVILLE TWN","6155750","2019-09-16","2019","09","16","†","19.0","","15.0","","17.0","","1.0","","0.0","","0.0","T","0.0","","0.0","T","0","","","","",""
"-79.69","43.51","OAKVILLE TWN","6155750","2019-09-17","2019","09","17","†","24.0","","12.0","","18.0","","0.0","","0.0","","0.0","","0.0","","0.0","","0","","","","",""
"-79.69","43.51","OAKVILLE TWN","6155750","2019-09-18","2019","09","18","†","24.0","","12.5","","18.3","","0.0","","0.3","","0.0","","0.0","","0.0","","0","","","","",""
"-79.69","43.51","OAKVILLE TWN","6155750","2019-09-19","2019","09","19","†","24.5","","12.5","","18.5","","0.0","","0.5","","0.0","","0.0","","0.0","","0","","","","",""
"-79.69","43.51","OAKVILLE TWN","6155750","2019-09-20","2019","09","20","†","26.0","","11.5","","18.8","","0.0","","0.8","","0.0","","0.0","","0.0","","0","","","","",""
"-79.69","43.51","OAKVILLE TWN","6155750","2019-09-21","2019","09","21","†","27.5","","14.5","","21.0","","0.0","","3.0","","0.0","","0.0","","0.0","","0","","","","",""
"-79.69","43.51","OAKVILLE TWN","6155750","2019-09-22","2019","09","22","†","32.5","","19.0","","25.8","","0.0","","7.8","","0.0","","0.0","","0.0","","0","","","","",""
"-79.69","43.51","OAKVILLE TWN","6155750","2019-09-23","2019","09","23","†","25.5","","21.5","","23.5","","0.0","","5.5","","0.0","T","0.0","","0.0","T","0","","","","",""
"-79.69","43.51","OAKVILLE TWN","6155750","2019-09-24","2019","09","24","†","23.0","","12.0","","17.5","","0.5","","0.0","","0.0","","0.0","","0.0","","0","","","","",""
"-79.69","43.51","OAKVILLE TWN","6155750","2019-09-25","2019","09","25","†","28.0","","10.0","","19.0","","0.0","","1.0","","4.6","","0.0","","4.6","","0","","","","",""
"-79.69","43.51","OAKVILLE TWN","6155750","2019-09-26","2019","09","26","†","23.0","","14.0","","18.5","","0.0","","0.5","","0.0","","0.0","","0.0","","0","","","","",""
"-79.69","43.51","OAKVILLE TWN","6155750","2019-09-27","2019","09","27","†","23.0","","8.5","","15.8","","2.2","","0.0","","3.8","","0.0","","3.8","","0","","","","",""
"-79.69","43.51","OAKVILLE TWN","6155750","2019-09-28","2019","09","28","†","22.0","","12.5","","17.3","","0.7","","0.0","","1.0","","0.0","","1.0","","0","","","","",""
"-79.69","43.51","OAKVILLE TWN","6155750","2019-09-29","2019","09","29","†","15.0","","9.0","","12.0","","6.0","","0.0","","0.0","","0.0","","0.0","","0","","","","",""
"-79.69","43.51","OAKVILLE TWN","6155750","2019-09-30","2019","09","30","†","24.0","","11.0","","17.5","","0.5","","0.0","","0.0","","0.0","","0.0","","0","","","","",""
"-79.69","43.51","OAKVILLE TWN","6155750","2019-10-01","2019","10","01","†","33.0","","12.0","","22.5","","0.0","","4.5","","20.8","","0.0","","20.8","","0","","","","",""
"-79.69","43.51","OAKVILLE TWN","6155750","2019-10-02","2019","10","02","†","17.5","","15.0","","16.3","","1.7","","0.0","","7.2","","0.0","","7.2","","0","","","","",""
"-79.69","43.51","OAKVILLE TWN","6155750","2019-10-03","2019","10","03","†","12.0","","8.0","","10.0","","8.0","","0.0","","5.8","","0.0","","5.8","","0","","","","",""
"-79.69","43.51","OAKVILLE TWN","6155750","2019-10-04","2019","10","04","†","13.0","","7.0","","10.0","","8.0","","0.0","","0.0","","0.0","","0.0","","0","","","","",""
"-79.69","43.51","OAKVILLE TWN","6155750","2019-10-05","2019","10","05","†","13.0","","5.0","","9.0","","9.0","","0.0","","2.4","","0.0","","2.4","","0","","","","",""
"-79.69","43.51","OAKVILLE TWN","6155750","2019-10-06","2019","10","06","†","18.5","","10.0","","14.3","","3.7","","0.0","","0.6","","0.0","","0.6","","0","","","","",""
"-79.69","43.51","OAKVILLE TWN","6155750","2019-10-07","2019","10","07","†","19.0","","10.0","","14.5","","3.5","","0.0","","0.0","","0.0","","0.0","","0","","","","",""
"-79.69","43.51","OAKVILLE TWN","6155750","2019-10-08","2019","10","08","†","17.0","","7.0","","12.0","","6.0","","0.0","","0.0","","0.0","","0.0","","0","","","","",""
"-79.69","43.51","OAKVILLE TWN","6155750","2019-10-09","2019","10","09","†","16.0","","6.0","","11.0","","7.0","","0.0","","0.0","","0.0","","0.0","","0","","","","",""
"-79.69","43.51","OAKVILLE TWN","6155750","2019-10-10","2019","10","10","†","16.5","","8.0","","12.3","","5.7","","0.0","","0.0","","0.0","","0.0","","0","","","","",""
"-79.69","43.51","OAKVILLE TWN","6155750","2019-10-11","2019","10","11","†","18.0","","10.0","","14.0","","4.0","","0.0","","3.4","","0.0","","3.4","","0","","","","",""
"-79.69","43.51","OAKVILLE TWN","6155750","2019-10-12","2019","10","12","†","15.0","","10.0","","12.5","","5.5","","0.0","","0.0","","0.0","","0.0","","0","","","","",""
"-79.69","43.51","OAKVILLE TWN","6155750","2019-10-13","2019","10","13","†","18.0","","2.5","","10.3","","7.7","","0.0","","0.0","","0.0","","0.0","","0","","","","",""
"-79.69","43.51","OAKVILLE TWN","6155750","2019-10-14","2019","10","14","†","13.5","","7.0","","10.3","","7.7","","0.0","","0.0","","0.0","","0.0","","0","","","","",""
"-79.69","43.51","OAKVILLE TWN","6155750","2019-10-15","2019","10","15","†","16.0","","2.0","","9.0","","9.0","","0.0","","21.0","","0.0","","21.0","","0","","","","",""
"-79.69","43.51","OAKVILLE TWN","6155750","2019-10-16","2019","10","16","†","12.5","","4.5","","8.5","","9.5","","0.0","","5.0","","0.0","","5.0","","0","","","","",""
"-79.69","43.51","OAKVILLE TWN","6155750","2019-10-17","2019","10","17","†","10.0","","5.5","","7.8","","10.2","","0.0","","0.0","","0.0","","0.0","","0","","","","",""
"-79.69","43.51","OAKVILLE TWN","6155750","2019-10-18","2019","10","18","†","13.0","","3.5","","8.3","","9.7","","0.0","","0.0","","0.0","","0.0","","0","","","","",""
"-79.69","43.51","OAKVILLE TWN","6155750","2019-10-19","2019","10","19","†","12.5","","0.0","","6.3","","11.7","","0.0","","0.0","","0.0","","0.0","","0","","","","",""
"-79.69","43.51","OAKVILLE TWN","6155750","2019-10-20","2019","10","20","†","17.0","","5.0","","11.0","","7.0","","0.0","","0.0","","0.0","","0.0","","0","","","","",""
"-79.69","43.51","OAKVILLE TWN","6155750","2019-10-21","2019","10","21","†","14.0","","7.0","","10.5","","7.5","","0.0","","6.2","","0.0","","6.2","","0","","","","",""
"-79.69","43.51","OAKVILLE TWN","6155750","2019-10-22","2019","10","22","†","18.0","","11.0","","14.5","","3.5","","0.0","","4.2","","0.0","","4.2","","0","","","","",""
"-79.69","43.51","OAKVILLE TWN","6155750","2019-10-23","2019","10","23","†","15.0","","6.0","","10.5","","7.5","","0.0","","1.0","","0.0","","1.0","","0","","","","",""
"-79.69","43.51","OAKVILLE TWN","6155750","2019-10-24","2019","10","24","†","15.5","","8.0","","11.8","","6.2","","0.0","","0.0","","0.0","","0.0","","0","","","","",""
"-79.69","43.51","OAKVILLE TWN","6155750","2019-10-25","2019","10","25","†","12.0","","4.5","","8.3","","9.7","","0.0","","0.0","","0.0","","0.0","","0","","","","",""
"-79.69","43.51","OAKVILLE TWN","6155750","2019-10-26","2019","10","26","†","12.5","","0.5","","6.5","","11.5","","0.0","","25.0","","0.0","","25.0","","0","","","","",""
"-79.69","43.51","OAKVILLE TWN","6155750","2019-10-27","2019","10","27","†","15.0","","5.0","","10.0","","8.0","","0.0","","2.2","","0.0","","2.2","","0","","","","",""
"-79.69","43.51","OAKVILLE TWN","6155750","2019-10-28","2019","10","28","†","17.5","","5.0","","11.3","","6.7","","0.0","","0.0","","0.0","","0.0","","0","","","","",""
"-79.69","43.51","OAKVILLE TWN","6155750","2019-10-29","2019","10","29","†","17.5","","7.0","","12.3","","5.7","","0.0","","0.0","","0.0","","0.0","","0","","","","",""
"-79.69","43.51","OAKVILLE TWN","6155750","2019-10-30","2019","10","30","†","10.0","","7.0","","8.5","","9.5","","0.0","","22.2","","0.0","","22.2","","0","","","","",""
"-79.69","43.51","OAKVILLE TWN","6155750","2019-10-31","2019","10","31","†","10.5","","5.5","","8.0","","10.0","","0.0","","17.8","","0.0","","17.8","","0","","","","",""
"-79.69","43.51","OAKVILLE TWN","6155750","2019-11-01","2019","11","01","†","5.5","","2.0","","3.8","","14.2","","0.0","","0.4","","0.0","","0.4","","0","","","","",""
"-79.69","43.51","OAKVILLE TWN","6155750","2019-11-02","2019","11","02","†","8.0","","0.0","","4.0","","14.0","","0.0","","1.4","","0.0","","1.4","","0","","","","",""
"-79.69","43.51","OAKVILLE TWN","6155750","2019-11-03","2019","11","03","†","7.0","","0.0","","3.5","","14.5","","0.0","","1.2","","0.0","","1.2","","0","","","","",""
"-79.69","43.51","OAKVILLE TWN","6155750","2019-11-04","2019","11","04","†","12.5","","-1.0","","5.8","","12.2","","0.0","","1.2","","0.0","","1.2","","0","","","","",""
"-79.69","43.51","OAKVILLE TWN","6155750","2019-11-05","2019","11","05","†","9.0","","5.0","","7.0","","11.0","","0.0","","0.0","","0.0","","0.0","","0","","","","",""
"-79.69","43.51","OAKVILLE TWN","6155750","2019-11-06","2019","11","06","†","5.0","","-3.0","","1.0","","17.0","","0.0","","1.2","","1.0","","1.2","","0","","","","",""
"-79.69","43.51","OAKVILLE TWN","6155750","2019-11-07","2019","11","07","†","3.0","","-1.0","","1.0","","17.0","","0.0","","0.0","","0.0","","0.0","","1","","","","",""
"-79.69","43.51","OAKVILLE TWN","6155750","2019-11-08","2019","11","08","†","1.0","","-5.0","","-2.0","","20.0","","0.0","","0.0","","0.0","","0.0","","0","","","","",""
"-79.69","43.51","OAKVILLE TWN","6155750","2019-11-09","2019","11","09","†","6.0","","-5.0","","0.5","","17.5","","0.0","","0.0","","0.0","","0.0","","0","","","","",""
"-79.69","43.51","OAKVILLE TWN","6155750","2019-11-10","2019","11","10","†","8.0","","-1.0","","3.5","","14.5","","0.0","","0.0","","0.0","T","0.0","","0","","","","",""
"-79.69","43.51","OAKVILLE TWN","6155750","2019-11-11","2019","11","11","†","-1.0","","-3.0","","-2.0","","20.0","","0.0","","0.0","","19.0","","15.0","","0","T","","","",""
"-79.69","43.51","OAKVILLE TWN","6155750","2019-11-12","2019","11","12","†","-2.5","","-9.0","","-5.8","","23.8","","0.0","","0.0","","0.0","","0.0","","19","","","","",""
"-79.69","43.51","OAKVILLE TWN","6155750","2019-11-13","2019","11","13","†","-0.5","","-14.0","","-7.3","","25.3","","0.0","","0.0","","2.0","","1.2","","15","","","","",""
"-79.69","43.51","OAKVILLE TWN","6155750","2019-11-14","2019","11","14","†","2.0","","-10.5","","-4.3","","22.3","","0.0","","0.0","","0.0","T","0.0","","14","","","","",""
"-79.69","43.51","OAKVILLE TWN","6155750","2019-11-15","2019","11","15","†","3.0","","-3.5","","-0.3","","18.3","","0.0","","0.0","","0.0","T","0.0","","10","","","","",""
"-79.69","43.51","OAKVILLE TWN","6155750","2019-11-16","2019","11","16","†","-0.5","","-9.5","","-5.0","","23.0","","0.0","","0.0","","0.0","","0.0","","7","","","","",""
"-79.69","43.51","OAKVILLE TWN","6155750","2019-11-17","2019","11","17","†","3.0","","-8.5","","-2.8","","20.8","","0.0","","2.0","","0.0","","2.0","","7","","","","",""
"-79.69","43.51","OAKVILLE TWN","6155750","2019-11-18","2019","11","18","†","3.0","","-2.5","","0.3","","17.7","","0.0","","5.6","","0.0","","5.6","","5","","","","",""
"-79.69","43.51","OAKVILLE TWN","6155750","2019-11-19","2019","11","19","†","3.5","","0.0","","1.8","","16.2","","0.0","","0.0","","0.0","","0.0","","2","","","","",""
"-79.69","43.51","OAKVILLE TWN","6155750","2019-11-20","2019","11","20","†","8.5","","1.0","","4.8","","13.2","","0.0","","0.0","","0.0","","0.0","","0","","","","",""
"-79.69","43.51","OAKVILLE TWN","6155750","2019-11-21","2019","11","21","†","11.0","","-1.5","","4.8","","13.2","","0.0","","4.0","","0.0","","4.0","","0","","","","",""
"-79.69","43.51","OAKVILLE TWN","6155750","2019-11-22","2019","11","22","†","5.0","","1.5","","3.3","","14.7","","0.0","","0.0","","0.0","","0.0","","0","","","","",""
"-79.69","43.51","OAKVILLE TWN","6155750","2019-11-23","2019","11","23","†","7.0","","-4.5","","1.3","","16.7","","0.0","","0.0","","0.0","","0.0","","0","","","","",""
"-79.69","43.51","OAKVILLE TWN","6155750","2019-11-24","2019","11","24","†","7.5","","-4.0","","1.8","","16.2","","0.0","","0.0","T","0.0","","0.0","T","0","","","","",""
"-79.69","43.51","OAKVILLE TWN","6155750","2019-11-25","2019","11","25","†","9.0","","0.5","","4.8","","13.2","","0.0","","0.0","T","0.0","","0.0","T","0","","","","",""
"-79.69","43.51","OAKVILLE TWN","6155750","2019-11-26","2019","11","26","†","12.0","","2.5","","7.3","","10.7","","0.0","","1.4","","0.0","","1.4","","0","","","","",""
"-79.69","43.51","OAKVILLE TWN","6155750","2019-11-27","2019","11","27","†","10.0","","4.0","","7.0","","11.0","","0.0","","6.1","","0.0","","6.1","","0","","","","",""
"-79.69","43.51","OAKVILLE TWN","6155750","2019-11-28","2019","11","28","†","3.5","","1.0","","2.3","","15.7","","0.0","","0.0","","0.0","","0.0","","0","","","","",""
"-79.69","43.51","OAKVILLE TWN","6155750","2019-11-29","2019","11","29","†","0.0","","-4.0","","-2.0","","20.0","","0.0","","0.0","","0.0","","0.0","","0","","","","",""
"-79.69","43.51","OAKVILLE TWN","6155750","2019-11-30","2019","11","30","†","0.0","","-4.0","","-2.0","","20.0","","0.0","","0.0","T","0.0","T","0.0","T","0","","","","",""
"-79.69","43.51","OAKVILLE TWN","6155750","2019-12-01","2019","12","01","†","2.0","","-4.0","","-1.0","","19.0","","0.0","","","M","6.0","","24.2","","0","T","","","",""
"-79.69","43.51","OAKVILLE TWN","6155750","2019-12-02","2019","12","02","†","-0.5","","-5.0","","-2.8","","20.8","","0.0","","0.0","","1.6","","1.0","","7","","","","",""
"-79.69","43.51","OAKVILLE TWN","6155750","2019-12-03","2019","12","03","†","2.5","","-10.0","","-3.8","","21.8","","0.0","","0.0","","0.0","T","0.0","","5","","","","",""
"-79.69","43.51","OAKVILLE TWN","6155750","2019-12-04","2019","12","04","†","4.5","","-6.0","","-0.8","","18.8","","0.0","","0.0","T","0.4","","0.0","T","5","","","","",""
"-79.69","43.51","OAKVILLE TWN","6155750","2019-12-05","2019","12","05","†","2.0","","-2.0","","0.0","","18.0","","0.0","","0.0","","4.4","","5.6","","2","","","","",""
"-79.69","43.51","OAKVILLE TWN","6155750","2019-12-06","2019","12","06","†","2.0","","-2.5","","-0.3","","18.3","","0.0","","0.0","","0.0","","0.0","","8","","","","",""
"-79.69","43.51","OAKVILLE TWN","6155750","2019-12-07","2019","12","07","†","1.5","","-7.5","","-3.0","","21.0","","0.0","","0.0","","0.0","","0.0","","8","","","","",""
"-79.69","43.51","OAKVILLE TWN","6155750","2019-12-08","2019","12","08","†","8.0","","-8.0","","0.0","","18.0","","0.0","","7.2","","0.0","","7.2","","8","","","","",""
"-79.69","43.51","OAKVILLE TWN","6155750","2019-12-09","2019","12","09","†","11.0","","0.5","","5.8","","12.2","","0.0","","6.8","","0.0","","6.8","","0","T","","","",""
"-79.69","43.51","OAKVILLE TWN","6155750","2019-12-10","2019","12","10","†","2.5","","1.0","","1.8","","16.2","","0.0","","0.0","","0.0","","0.0","","0","","","","",""
"-79.69","43.51","OAKVILLE TWN","6155750","2019-12-11","2019","12","11","†","-2.5","","-7.0","","-4.8","","22.8","","0.0","","0.0","","0.0","T","0.0","","0","","","","",""
"-79.69","43.51","OAKVILLE TWN","6155750","2019-12-12","2019","12","12","†","2.0","","-11.0","","-4.5","","22.5","","0.0","","0.0","","0.0","","0.0","","0","T","","","",""
"-79.69","43.51","OAKVILLE TWN","6155750","2019-12-13","2019","12","13","†","6.0","","-8.0","","-1.0","","19.0","","0.0","","8.2","","0.0","","8.2","","0","","","","",""
"-79.69","43.51","OAKVILLE TWN","6155750","2019-12-14","2019","12","14","†","3.0","","2.0","","2.5","","15.5","","0.0","","17.0","","0.0","","17.0","","0","","","","",""
"-79.69","43.51","OAKVILLE TWN","6155750","2019-12-15","2019","12","15","†","1.0","","-1.0","","0.0","","18.0","","0.0","","0.0","","0.0","","0.0","","0","T","","","",""
"-79.69","43.51","OAKVILLE TWN","6155750","2019-12-16","2019","12","16","†","2.5","","-7.0","","-2.3","","20.3","","0.0","","0.0","","0.0","T","0.0","","0","","","","",""
"-79.69","43.51","OAKVILLE TWN","6155750","2019-12-17","2019","12","17","†","2.0","","-4.0","","-1.0","","19.0","","0.0","","0.0","","1.0","","1.0","","0","T","","","",""
"-79.69","43.51","OAKVILLE TWN","6155750","2019-12-18","2019","12","18","†","-4.0","","-7.0","","-5.5","","23.5","","0.0","","0.0","","0.6","","0.4","","1","","","","",""
"-79.69","43.51","OAKVILLE TWN","6155750","2019-12-19","2019","12","19","†","-5.0","","-17.0","","-11.0","","29.0","","0.0","","0.0","","4.0","","1.0","","0","T","","","",""
"-79.69","43.51","OAKVILLE TWN","6155750","2019-12-20","2019","12","20","†","-3.0","","-13.5","","-8.3","","26.3","","0.0","","0.0","","0.0","","0.0","","2","","","","",""
"-79.69","43.51","OAKVILLE TWN","6155750","2019-12-21","2019","12","21","†","3.5","","-9.0","","-2.8","","20.8","","0.0","","0.0","","0.0","","0.0","","0","","","","",""
"-79.69","43.51","OAKVILLE TWN","6155750","2019-12-22","2019","12","22","†","8.0","","-4.5","","1.8","","16.2","","0.0","","0.0","","0.0","","0.0","","0","","","","",""
"-79.69","43.51","OAKVILLE TWN","6155750","2019-12-23","2019","12","23","†","10.5","","0.5","","5.5","","12.5","","0.0","","0.0","","0.0","","0.0","","0","","","","",""
"-79.69","43.51","OAKVILLE TWN","6155750","2019-12-24","2019","12","24","†","1.5","","-3.5","","-1.0","","19.0","","0.0","","0.0","","0.0","","0.0","","0","","","","",""
"-79.69","43.51","OAKVILLE TWN","6155750","2019-12-25","2019","12","25","†","3.0","","-5.0","","-1.0","","19.0","","0.0","","0.0","","0.0","","0.0","","0","","","","",""
"-79.69","43.51","OAKVILLE TWN","6155750","2019-12-26","2019","12","26","†","11.0","","-0.5","","5.3","","12.7","","0.0","","0.0","T","0.0","","0.0","T","0","","","","",""
"-79.69","43.51","OAKVILLE TWN","6155750","2019-12-27","2019","12","27","†","12.0","","1.0","","6.5","","11.5","","0.0","","0.0","","0.0","","0.0","","0","","","","",""
"-79.69","43.51","OAKVILLE TWN","6155750","2019-12-28","2019","12","28","†","6.0","","1.0","","3.5","","14.5","","0.0","","0.0","T","0.0","","0.0","T","0","","","","",""
"-79.69","43.51","OAKVILLE TWN","6155750","2019-12-29","2019","12","29","†","5.0","","-1.0","","2.0","","16.0","","0.0","","22.6","","0.0","","22.6","","0","","","","",""
"-79.69","43.51","OAKVILLE TWN","6155750","2019-12-30","2019","12","30","†","10.0","","0.0","","5.0","","13.0","","0.0","","0.0","","0.0","T","0.0","","0","","","","",""
"-79.69","43.51","OAKVILLE TWN","6155750","2019-12-31","2019","12","31","†","1.0","","0.0","","0.5","","17.5","","0.0","","0.0","","0.0","T","0.0","","0","T","","","",""
