Pop_ID,Patch_ID,Plant_Num,Pollinia_1_1,Pollinia_1_2,Pollinia_1_3,Pollinia_2_1,Pollinia_2_2,Pollinia_2_3,Pollinia_3_1,Pollinia_3_2,Pollinia_3_3,Height_cm,Pop_Age_Stage,Date_Found,Date_Found_365,Ramets,Surveyor,Notes_2019,Notes_2018,Latitude,Longitude,Area_sq_m_2018,Plants_present_2018
AS001,MW001,1,0,0,0,0,0,0,0,0,0,78,Middle-Late,7/18/2019,199,1,Sophie,Milkweed removed from CCT garden. Data from patch next to Deerfield Hall (between theatre and DH)- still within technical population limit of 500m apart. Patch was 100 sq m and saw about 50 plants.,UofT CCT garden,43.550556,-79.663,15,40
AS001,MW001,2,0,0,0,0,0,0,0,0,0,83,Middle-Late,7/18/2019,199,1,Sophie,Milkweed removed from CCT garden. Data from patch next to Deerfield Hall (between theatre and DH)- still within technical population limit of 500m apart. Patch was 100 sq m and saw about 50 plants.,UofT CCT garden,43.550556,-79.663,15,40
AS001,MW001,3,0,0,0,0,0,0,0,0,0,89,Middle-Late,7/18/2019,199,1,Sophie,Milkweed removed from CCT garden. Data from patch next to Deerfield Hall (between theatre and DH)- still within technical population limit of 500m apart. Patch was 100 sq m and saw about 50 plants.,UofT CCT garden,43.550556,-79.663,15,40
AS001,MW001,4,0,0,1,3,0,0,0,1,0,107,Middle-Late,7/18/2019,199,1,Sophie,Milkweed removed from CCT garden. Data from patch next to Deerfield Hall (between theatre and DH)- still within technical population limit of 500m apart. Patch was 100 sq m and saw about 50 plants.,UofT CCT garden,43.550556,-79.663,15,40
AS001,MW001,5,0,1,0,,,,,,,74,Middle-Late,7/18/2019,199,1,Sophie,Milkweed removed from CCT garden. Data from patch next to Deerfield Hall (between theatre and DH)- still within technical population limit of 500m apart. Patch was 100 sq m and saw about 50 plants.,UofT CCT garden,43.550556,-79.663,15,40
AS002,MW002,1,0,1,0,1,1,0,1,0,0,87,Middle,7/7/2019,188,2,Vanessa,Lots still along the hill.,Erindale Park hill,43.550225,-79.654062,10,25
AS002,MW002,2,0,1,2,0,1,0,0,0,0,115.5,Middle,7/7/2019,188,1,Vanessa,Lots still along the hill.,Erindale Park hill,43.550225,-79.654062,10,25
AS002,MW002,3,1,0,0,0,1,0,0,0,1,134,Middle,7/7/2019,188,1,Vanessa,Lots still along the hill.,Erindale Park hill,43.550225,-79.654062,10,25
AS002,MW002,4,1,1,1,1,0,0,3,2,0,125,Middle,7/7/2019,188,1,Vanessa,Lots still along the hill.,Erindale Park hill,43.550225,-79.654062,10,25
AS002,MW002,5,1,2,2,3,2,2,0,0,0,116,Middle,7/7/2019,188,1,Albert,Lots still along the hill.,Erindale Park hill,43.550225,-79.654062,10,25
AS003,MW003,1,1,0,1,0,3,1,0,2,2,125,Early-Late,7/12/2019,193,1,Vanessa,,Riverwood Conservancy marsh pond,43.565106,-79.671002,3,20
AS003,MW003,2,1,1,0,1,1,2,2,1,1,124,Early-Late,7/12/2019,193,1,Vanessa,,Riverwood Conservancy marsh pond,43.565106,-79.671002,3,20
AS003,MW003,3,3,4,2,1,1,1,1,0,1,121,Early-Late,7/12/2019,193,1,Vanessa,,Riverwood Conservancy marsh pond,43.565106,-79.671002,3,20
AS003,MW003,4,2,2,1,1,0,1,0,1,0,143,Early-Late,7/12/2019,193,1,Vanessa,,Riverwood Conservancy marsh pond,43.565106,-79.671002,3,20
AS003,MW003,5,3,1,2,0,0,1,1,0,0,156,Early-Late,7/12/2019,193,1,Vanessa,,Riverwood Conservancy marsh pond,43.565106,-79.671002,3,20
AS004,MW003,1,x,x,x,x,x,x,x,x,x,x,x,x,x,x,Vanessa,Checked these as well but none were flowering.,Riverwood Conservancy Credit River bank,43.562538,-79.674057,25,30
AS004,MW003,2,x,x,x,x,x,x,x,x,x,x,x,x,x,x,Vanessa,Checked these as well but none were flowering.,Riverwood Conservancy Credit River bank,43.562538,-79.674057,25,30
AS004,MW003,3,x,x,x,x,x,x,x,x,x,x,x,x,x,x,Vanessa,Checked these as well but none were flowering.,Riverwood Conservancy Credit River bank,43.562538,-79.674057,25,30
AS004,MW003,4,x,x,x,x,x,x,x,x,x,x,x,x,x,x,Vanessa,Checked these as well but none were flowering.,Riverwood Conservancy Credit River bank,43.562538,-79.674057,25,30
AS004,MW003,5,x,x,x,x,x,x,x,x,x,x,x,x,x,x,Vanessa,Checked these as well but none were flowering.,Riverwood Conservancy Credit River bank,43.562538,-79.674057,25,30
AS005,MW004,1,x,x,x,x,x,x,x,x,x,x,x,x,x,x,x,,"Hewick Meadows. Much evidence of herbivory by insects: wrinkled, disformed, discolored/splotchy leaves",43.567334,-79.686386,20,20
AS005,MW004,2,x,x,x,x,x,x,x,x,x,x,x,x,x,x,x,,"Hewick Meadows. Much evidence of herbivory by insects: wrinkled, disformed, discolored/splotchy leaves",43.567334,-79.686386,20,20
AS005,MW004,3,x,x,x,x,x,x,x,x,x,x,x,x,x,x,x,,"Hewick Meadows. Much evidence of herbivory by insects: wrinkled, disformed, discolored/splotchy leaves",43.567334,-79.686386,20,20
AS005,MW004,4,x,x,x,x,x,x,x,x,x,x,x,x,x,x,x,,"Hewick Meadows. Much evidence of herbivory by insects: wrinkled, disformed, discolored/splotchy leaves",43.567334,-79.686386,20,20
AS005,MW004,5,x,x,x,x,x,x,x,x,x,x,x,x,x,x,x,,"Hewick Meadows. Much evidence of herbivory by insects: wrinkled, disformed, discolored/splotchy leaves",43.567334,-79.686386,20,20
AS006,MW004,1,x,x,x,x,x,x,x,x,x,x,x,x,x,x,x,,Garden in front yard of 4416 Credit Pointe Drive,43.569004,-79.684245,1,2
AS006,MW004,2,x,x,x,x,x,x,x,x,x,x,x,x,x,x,x,,Garden in front yard of 4416 Credit Pointe Drive,43.569004,-79.684245,1,2
AS007,MW004,1,2,1,0,2,2,0,1,0,0,116,Early-Middle,7/12/2019,193,1,Vanessa,Dispersed along the field near construction site. Large patch in one area,Right of Way (mowed and unmowed areas),43.566504,-79.680149,400,10
AS007,MW004,2,2,1,3,1,1,2,,,,90,Early-Middle,7/12/2019,193,1,Vanessa,Dispersed along the field near construction site. Large patch in one area,Right of Way (mowed and unmowed areas),43.566504,-79.680149,400,10
AS007,MW004,3,2,2,3,0,0,0,1,1,0,63,Early-Middle,7/12/2019,193,1,Vanessa,Dispersed along the field near construction site. Large patch in one area,Right of Way (mowed and unmowed areas),43.566504,-79.680149,400,10
AS007,MW004,4,1,0,0,0,0,1,0,1,0,60,Early-Middle,7/12/2019,193,1,Vanessa,Dispersed along the field near construction site. Large patch in one area,Right of Way (mowed and unmowed areas),43.566504,-79.680149,400,10
AS007,MW004,5,3,1,2,0,0,0,0,1,0,115,Early-Middle,7/12/2019,193,1,Vanessa,Dispersed along the field near construction site. Large patch in one area,Right of Way (mowed and unmowed areas),43.566504,-79.680149,400,10
AS008,MW004,1,x,x,x,x,x,x,x,x,x,x,x,x,x,x,x,,Right of Way (mowed and unmowed areas),43.566922,-79.679797,20,25
AS008,MW004,2,x,x,x,x,x,x,x,x,x,x,x,x,x,x,x,,Right of Way (mowed and unmowed areas),43.566922,-79.679797,20,25
AS008,MW004,3,x,x,x,x,x,x,x,x,x,x,x,x,x,x,x,,Right of Way (mowed and unmowed areas),43.566922,-79.679797,20,25
AS008,MW004,4,x,x,x,x,x,x,x,x,x,x,x,x,x,x,x,,Right of Way (mowed and unmowed areas),43.566922,-79.679797,20,25
AS008,MW004,5,x,x,x,x,x,x,x,x,x,x,x,x,x,x,x,,Right of Way (mowed and unmowed areas),43.566922,-79.679797,20,25
AS009,MW004,1,x,x,x,x,x,x,x,x,x,x,x,x,x,x,x,,Right of Way (mowed and unmowed areas),43.563919,-79.682622,15,5
AS009,MW004,2,x,x,x,x,x,x,x,x,x,x,x,x,x,x,x,,Right of Way (mowed and unmowed areas),43.563919,-79.682622,15,5
AS009,MW004,3,x,x,x,x,x,x,x,x,x,x,x,x,x,x,x,,Right of Way (mowed and unmowed areas),43.563919,-79.682622,15,5
AS009,MW004,4,x,x,x,x,x,x,x,x,x,x,x,x,x,x,x,,Right of Way (mowed and unmowed areas),43.563919,-79.682622,15,5
AS009,MW004,5,x,x,x,x,x,x,x,x,x,x,x,x,x,x,x,,Right of Way (mowed and unmowed areas),43.563919,-79.682622,15,5
AS010,MW005,1,x,x,x,x,x,x,x,x,x,x,x,x,x,x,x,,,43.493329,-79.747541,9,15
AS010,MW005,2,x,x,x,x,x,x,x,x,x,x,x,x,x,x,x,,,43.493329,-79.747541,9,15
AS010,MW005,3,x,x,x,x,x,x,x,x,x,x,x,x,x,x,x,,,43.493329,-79.747541,9,15
AS010,MW005,4,x,x,x,x,x,x,x,x,x,x,x,x,x,x,x,,,43.493329,-79.747541,9,15
AS010,MW005,5,x,x,x,x,x,x,x,x,x,x,x,x,x,x,x,,,43.493329,-79.747541,9,15
AS011,MW005,1,x,x,x,x,x,x,x,x,x,x,x,x,x,x,x,,"Population looks diseased: spots, discoloration, and herbivory observed",43.493262,-79.747925,4,5
AS011,MW005,2,x,x,x,x,x,x,x,x,x,x,x,x,x,x,x,,"Population looks diseased: spots, discoloration, and herbivory observed",43.493262,-79.747925,4,5
AS011,MW005,3,x,x,x,x,x,x,x,x,x,x,x,x,x,x,x,,"Population looks diseased: spots, discoloration, and herbivory observed",43.493262,-79.747925,4,5
AS011,MW005,4,x,x,x,x,x,x,x,x,x,x,x,x,x,x,x,,"Population looks diseased: spots, discoloration, and herbivory observed",43.493262,-79.747925,4,5
AS011,MW005,5,x,x,x,x,x,x,x,x,x,x,x,x,x,x,x,,"Population looks diseased: spots, discoloration, and herbivory observed",43.493262,-79.747925,4,5
AS012,MW005,1,1,0,4,1,0,2,1,2,1,91,Middle,7/9/2019,190,1,Vanessa,"Along roadside near intersection; didn't visit AS010, AS011 or AS013",,43.492717,-79.748081,30,30
AS012,MW005,2,0,1,0,0,1,2,1,2,1,100,Middle,7/9/2019,190,1,Vanessa,"Along roadside near intersection; didn't visit AS010, AS011 or AS013",,43.492717,-79.748081,30,30
AS012,MW005,3,0,3,3,1,0,0,0,0,1,95,Middle,7/9/2019,190,1,Vanessa,"Along roadside near intersection; didn't visit AS010, AS011 or AS013",,43.492717,-79.748081,30,30
AS012,MW005,4,0,0,1,0,3,1,1,0,1,133,Middle,7/9/2019,190,1,Vanessa,"Along roadside near intersection; didn't visit AS010, AS011 or AS013",,43.492717,-79.748081,30,30
AS012,MW005,5,1,1,3,3,1,2,2,1,2,88,Middle,7/9/2019,190,1,Vanessa,"Along roadside near intersection; didn't visit AS010, AS011 or AS013",,43.492717,-79.748081,30,30
AS013,MW005,1,x,x,x,x,x,x,x,x,x,x,x,x,x,x,x,,Spread along roadside,43.492005,-79.749026,60,20
AS013,MW005,2,x,x,x,x,x,x,x,x,x,x,x,x,x,x,x,,Spread along roadside,43.492005,-79.749026,60,20
AS013,MW005,3,x,x,x,x,x,x,x,x,x,x,x,x,x,x,x,,Spread along roadside,43.492005,-79.749026,60,20
AS013,MW005,4,x,x,x,x,x,x,x,x,x,x,x,x,x,x,x,,Spread along roadside,43.492005,-79.749026,60,20
AS013,MW005,5,x,x,x,x,x,x,x,x,x,x,x,x,x,x,x,,Spread along roadside,43.492005,-79.749026,60,20
AS014,MW006,1,1,2,2,4,1,2,0,0,1,91,Middle,7/9/2019,190,1,Vanessa,Didn't visit AS015 or AS016,Roadside swale,43.438669,-79.780878,300,100
AS014,MW006,2,0,2,2,3,4,3,2,3,2,94,Middle,7/9/2019,190,1,Vanessa,Didn't visit AS015 or AS016,Roadside swale,43.438669,-79.780878,300,100
AS014,MW006,3,1,0,0,1,2,2,1,2,2,115,Middle,7/9/2019,190,1,Vanessa,Didn't visit AS015 or AS016,Roadside swale,43.438669,-79.780878,300,100
AS014,MW006,4,1,0,1,2,3,2,1,1,0,73,Middle,7/9/2019,190,1,Vanessa,Didn't visit AS015 or AS016,Roadside swale,43.438669,-79.780878,300,100
AS014,MW006,5,1,1,0,2,0,0,2,1,3,101,Middle,7/9/2019,190,1,Vanessa,Didn't visit AS015 or AS016,Roadside swale,43.438669,-79.780878,300,100
AS015,MW006,1,x,x,x,x,x,x,x,x,x,x,x,x,x,x,x,,,43.434924,-79.777459,10,15
AS015,MW006,2,x,x,x,x,x,x,x,x,x,x,x,x,x,x,x,,,43.434924,-79.777459,10,15
AS015,MW006,3,x,x,x,x,x,x,x,x,x,x,x,x,x,x,x,,,43.434924,-79.777459,10,15
AS015,MW006,4,x,x,x,x,x,x,x,x,x,x,x,x,x,x,x,,,43.434924,-79.777459,10,15
AS015,MW006,5,x,x,x,x,x,x,x,x,x,x,x,x,x,x,x,,,43.434924,-79.777459,10,15
AS016,MW006,1,x,x,x,x,x,x,x,x,x,x,x,x,x,x,x,,,43.436081,-79.777321,200,60
AS016,MW006,2,x,x,x,x,x,x,x,x,x,x,x,x,x,x,x,,,43.436081,-79.777321,200,60
AS016,MW006,3,x,x,x,x,x,x,x,x,x,x,x,x,x,x,x,,,43.436081,-79.777321,200,60
AS016,MW006,4,x,x,x,x,x,x,x,x,x,x,x,x,x,x,x,,,43.436081,-79.777321,200,60
AS016,MW006,5,x,x,x,x,x,x,x,x,x,x,x,x,x,x,x,,,43.436081,-79.777321,200,60
AS017,MW007,1,5,5,3,1,5,1,2,3,0,134,Early-Late,7/15/2019,196,1,Sophie,,Lowville Park. Much herbivory observed.,43.434493,-79.904435,1,2
AS017,MW007,2,x,x,x,x,x,x,x,x,x,x,x,x,x,x,x,,Lowville Park. Much herbivory observed.,43.434493,-79.904435,1,2
AS018,MW007,1,x,x,x,x,x,x,x,x,x,x,x,x,x,x,x,,Lowville Park,43.434819,-79.902274,1,3
AS018,MW007,2,x,x,x,x,x,x,x,x,x,x,x,x,x,x,x,,Lowville Park,43.434819,-79.902274,1,3
AS018,MW007,3,x,x,x,x,x,x,x,x,x,x,x,x,x,x,x,,Lowville Park,43.434819,-79.902274,1,3
AS019,MW007,1,2,1,2,3,2,1,0,0,0,136,Early-Late,7/15/2019,196,1,Sophie,,,43.434125,-79.903894,36,50
AS019,MW007,2,4,1,2,5,4,4,2,2,2,130,Early-Late,7/15/2019,196,1,Sophie,,,43.434125,-79.903894,36,50
AS019,MW007,3,x,x,x,x,x,x,x,x,x,x,x,x,x,x,x,,,43.434125,-79.903894,36,50
AS019,MW007,4,x,x,x,x,x,x,x,x,x,x,x,x,x,x,x,,,43.434125,-79.903894,36,50
AS019,MW007,5,x,x,x,x,x,x,x,x,x,x,x,x,x,x,x,,,43.434125,-79.903894,36,50
AS020,MW007,1,0,0,5,3,0,1,3,5,2,125,Early-Late,7/15/2019,196,1,Sophie,,Large sloping field at Lowville Park,43.433302,-79.902403,900,300
AS020,MW007,2,4,3,3,4,2,5,0,2,5,122,Early-Late,7/15/2019,196,1,Sophie,,Large sloping field at Lowville Park,43.433302,-79.902403,900,300
AS020,MW007,3,x,x,x,x,x,x,x,x,x,x,x,x,x,x,x,,Large sloping field at Lowville Park,43.433302,-79.902403,900,300
AS020,MW007,4,x,x,x,x,x,x,x,x,x,x,x,x,x,x,x,,Large sloping field at Lowville Park,43.433302,-79.902403,900,300
AS020,MW007,5,x,x,x,x,x,x,x,x,x,x,x,x,x,x,x,,Large sloping field at Lowville Park,43.433302,-79.902403,900,300
AS021,MW008,1,3,2,2,3,2,2,,,,88,Early-mid,7/15/2019,196,1,Sophie,"many plants weed-whacked, So flowers cut off",Population next to stop sign,43.457451,-79.866815,21,25
AS021,MW008,2,0,0,0,2,0,2,,,,105,Early-mid,7/15/2019,196,1,Sophie,,Population next to stop sign,43.457451,-79.866815,21,25
AS021,MW008,3,0,0,0,,,,,,,111,Early-Mid,7/15/2019,196,1,Sophie,,Population next to stop sign,43.457451,-79.866815,21,25
AS021,MW008,4,0,0,0,,,,,,,106,Early-Mid,7/15/2019,196,1,Sophie,,Population next to stop sign,43.457451,-79.866815,21,25
AS021,MW008,5,1,4,2,2,2,1,1,4,0,101,Early-Mid,7/15/2019,196,1,Sophie,,Population next to stop sign,43.457451,-79.866815,21,25
AS022,MW009,1,1,1,0,1,2,2,2,0,1,78.5,Middle,7/9/2019,190,1,Vanessa,20-30 plants at the point.,POPULATION NOT SAMPLED. Location too steep to access safetly.,43.516263,-79.77922,21,25
AS022,MW009,2,0,2,2,0,1,3,0,2,0,107,Middle,7/9/2019,190,1,Vanessa,20-30 plants at the point.,POPULATION NOT SAMPLED. Location too steep to access safetly.,43.516263,-79.77922,21,25
AS022,MW009,3,1,0,0,0,1,0,1,1,1,103,Middle,7/9/2019,190,1,Vanessa,20-30 plants at the point.,POPULATION NOT SAMPLED. Location too steep to access safetly.,43.516263,-79.77922,21,25
AS022,MW009,4,0,0,0,0,1,0,,,,87,Middle,7/9/2019,190,1,Vanessa,20-30 plants at the point.,POPULATION NOT SAMPLED. Location too steep to access safetly.,43.516263,-79.77922,21,25
AS022,MW009,5,0,3,0,,,,,,,109,Middle,7/9/2019,190,1,Vanessa,20-30 plants at the point.,POPULATION NOT SAMPLED. Location too steep to access safetly.,43.516263,-79.77922,21,25
AS023,MW010,1,x,x,x,x,x,x,x,x,x,x,x,7/9/2019,190,x,Vanessa,"No plants when revisited, consider dropping",,43.525816,-79.791571,2,1
AS023,MW010,2,x,x,x,x,x,x,x,x,x,x,x,7/9/2019,190,x,Vanessa,"No plants when revisited, consider dropping",,43.525816,-79.791571,2,1
AS024,MW011,1,0,2,3,0,0,1,0,1,1,106,Early-Late,7/12/2019,193,1,Vanessa,,"Kariya Park- in a small depression, very gnatty/full of mosquitoes",43.589594,-79.638468,1000,100
AS024,MW011,2,2,0,3,0,2,2,1,1,2,80,Early-Late,7/12/2019,193,1,Vanessa,,"Kariya Park- in a small depression, very gnatty/full of mosquitoes",43.589594,-79.638468,1000,100
AS024,MW011,3,1,2,2,2,1,1,4,2,2,95,Early-Late,7/12/2019,193,1,Vanessa,,"Kariya Park- in a small depression, very gnatty/full of mosquitoes",43.589594,-79.638468,1000,100
AS024,MW011,4,2,2,1,1,3,4,3,1,0,119,Early-Late,7/12/2019,193,1,Vanessa,,"Kariya Park- in a small depression, very gnatty/full of mosquitoes",43.589594,-79.638468,1000,100
AS024,MW011,5,0,0,2,2,2,3,2,3,1,108,Early-Late,7/12/2019,193,1,Vanessa,,"Kariya Park- in a small depression, very gnatty/full of mosquitoes",43.589594,-79.638468,1000,100
AS025,MW012,1,1,0,1,1,0,3,2,0,0,121.5,Early-Middle,7/7/2019,188,1,Vanessa,"Many of plants flowering, some inflorescences were quite old",Springbank Park,43.534585,-79.645432,20,15
AS025,MW012,2,1,1,0,0,1,0,0,0,0,139.8,Early-Middle,7/7/2019,188,1,Vanessa,"Many of plants flowering, some inflorescences were quite old",Springbank Park,43.534585,-79.645432,20,15
AS025,MW012,3,0,0,1,0,1,0,0,0,0,117,Early-Middle,7/7/2019,188,1,Vanessa,"Many of plants flowering, some inflorescences were quite old",Springbank Park,43.534585,-79.645432,20,15
AS025,MW012,4,1,1,2,3,3,2,0,0,0,96.5,Early-Middle,7/7/2019,188,1,Vanessa,"Many of plants flowering, some inflorescences were quite old",Springbank Park,43.534585,-79.645432,20,15
AS025,MW012,5,3,1,1,4,1,2,0,0,0,124.5,Early-Middle,7/7/2019,188,1,Vanessa,"Many of plants flowering, some inflorescences were quite old",Springbank Park,43.534585,-79.645432,20,15
AS026,MW013,1,x,x,x,x,x,x,x,x,x,x,x,x,x,x,Vanessa,"Checked the patch where tower is and it was very heavily mowed, only 2 plants remained.",Garden outside Stan Design. Not planted; colonized naturally- spoke to worker.,43.615384,-79.570454,6,15
AS026,MW013,2,x,x,x,x,x,x,x,x,x,x,x,x,x,x,Vanessa,"Checked the patch where tower is and it was very heavily mowed, only 2 plants remained.",Garden outside Stan Design. Not planted; colonized naturally- spoke to worker.,43.615384,-79.570454,6,15
AS026,MW013,3,x,x,x,x,x,x,x,x,x,x,x,x,x,x,Vanessa,"Checked the patch where tower is and it was very heavily mowed, only 2 plants remained.",Garden outside Stan Design. Not planted; colonized naturally- spoke to worker.,43.615384,-79.570454,6,15
AS026,MW013,4,x,x,x,x,x,x,x,x,x,x,x,x,x,x,Vanessa,"Checked the patch where tower is and it was very heavily mowed, only 2 plants remained.",Garden outside Stan Design. Not planted; colonized naturally- spoke to worker.,43.615384,-79.570454,6,15
AS026,MW013,5,x,x,x,x,x,x,x,x,x,x,x,x,x,x,Vanessa,"Checked the patch where tower is and it was very heavily mowed, only 2 plants remained.",Garden outside Stan Design. Not planted; colonized naturally- spoke to worker.,43.615384,-79.570454,6,15
AS027,MW014,1,2,0,0,1,0,0,1,1,0,114,Middle-Late,7/18/2019,199,1,Sophie,"Vegetation in ROW very tall/hard to get through, plus didn't see much milkweed in there like we did last year, so I sampled plants closer to road","Right of Way at Tom Riley Park. Young plants, probably mowed within a year.",43.648581,-79.521463,4000,50
AS027,MW014,2,0,5,0,2,1,1,0,0,0,114,Middle-Late,7/18/2019,199,1,Sophie,"Vegetation in ROW very tall/hard to get through, plus didn't see much milkweed in there like we did last year, so I sampled plants closer to road","Right of Way at Tom Riley Park. Young plants, probably mowed within a year.",43.648581,-79.521463,4000,50
AS027,MW014,3,2,2,0,1,0,2,1,0,4,93,Middle-Late,7/18/2019,199,1,Sophie,"Vegetation in ROW very tall/hard to get through, plus didn't see much milkweed in there like we did last year, so I sampled plants closer to road","Right of Way at Tom Riley Park. Young plants, probably mowed within a year.",43.648581,-79.521463,4000,50
AS027,MW014,4,3,0,1,0,0,3,1,0,0,68,Middle-Late,7/18/2019,199,1,Sophie,"Vegetation in ROW very tall/hard to get through, plus didn't see much milkweed in there like we did last year, so I sampled plants closer to road","Right of Way at Tom Riley Park. Young plants, probably mowed within a year.",43.648581,-79.521463,4000,50
AS027,MW014,5,0,0,1,1,0,0,,,,105,Middle-Late,7/18/2019,199,1,Sophie,"Vegetation in ROW very tall/hard to get through, plus didn't see much milkweed in there like we did last year, so I sampled plants closer to road","Right of Way at Tom Riley Park. Young plants, probably mowed within a year.",43.648581,-79.521463,4000,50
AS028,MW015,1,0,1,1,0,0,1,0,1,3,96,Early-Middle,7/5/2019,186,1,Albert,Population seems overcrowded; some plants were yellowing,Etienne Brule Park. Planted 2 years ago- spoke to community member.,43.661177,-79.500382,12,25
AS028,MW015,2,0,1,0,2,0,0,,,,129,Early-Middle,7/5/2019,186,1,Albert,Population seems overcrowded; some plants were yellowing,Etienne Brule Park. Planted 2 years ago- spoke to community member.,43.661177,-79.500382,12,25
AS028,MW015,3,0,0,2,0,4,1,0,1,1,85,Early-Middle,7/5/2019,186,1,Vanessa,Population seems overcrowded; some plants were yellowing,Etienne Brule Park. Planted 2 years ago- spoke to community member.,43.661177,-79.500382,12,25
AS028,MW015,4,0,0,0,0,1,0,5,0,1,94.5,Early-Middle,7/5/2019,186,2,Vanessa,Population seems overcrowded; some plants were yellowing,Etienne Brule Park. Planted 2 years ago- spoke to community member.,43.661177,-79.500382,12,25
AS028,MW015,5,1,0,1,2,1,1,,,,93,Early-Middle,7/5/2019,186,1,Vanessa,Population seems overcrowded; some plants were yellowing,Etienne Brule Park. Planted 2 years ago- spoke to community member.,43.661177,-79.500382,12,25
AS029,MW016,1,3,2,1,1,0,2,,,,113.5,Middle,7/8/2019,189,1,Vanessa,,Patch next to highway turn-off lane,43.711948,-79.535894,100,15
AS029,MW016,2,2,4,2,3,4,3,2,2,1,109.5,Middle,7/8/2019,189,1,Vanessa,,Patch next to highway turn-off lane,43.711948,-79.535894,100,15
AS029,MW016,3,2,2,3,3,2,3,2,3,3,111.5,Middle,7/8/2019,189,1,Vanessa,,Patch next to highway turn-off lane,43.711948,-79.535894,100,15
AS029,MW016,4,0,4,0,0,1,2,,,,113,Middle,7/8/2019,189,1,Vanessa,,Patch next to highway turn-off lane,43.711948,-79.535894,100,15
AS029,MW016,5,1,2,3,4,4,2,,,,109.5,Middle,7/8/2019,189,1,Vanessa,,Patch next to highway turn-off lane,43.711948,-79.535894,100,15
AS030,MW017,1,x,x,x,x,x,x,x,x,x,x,x,x,x,x,Vanessa,"Construction zone at the waypoint, couldn't find any other but didn't check 321 Yates Dr since it said Private Property.",Lot to be developed into church soon- can't access private property. Collected samples from milkweed along driveway at 321 Yates Dr.,43.501061,-79.844567,8000,80
AS030,MW017,2,x,x,x,x,x,x,x,x,x,x,x,x,x,x,Vanessa,"Construction zone at the waypoint, couldn't find any other but didn't check 321 Yates Dr since it said Private Property.",Lot to be developed into church soon- can't access private property. Collected samples from milkweed along driveway at 321 Yates Dr.,43.501061,-79.844567,8000,80
AS030,MW017,3,x,x,x,x,x,x,x,x,x,x,x,x,x,x,Vanessa,"Construction zone at the waypoint, couldn't find any other but didn't check 321 Yates Dr since it said Private Property.",Lot to be developed into church soon- can't access private property. Collected samples from milkweed along driveway at 321 Yates Dr.,43.501061,-79.844567,8000,80
AS030,MW017,4,x,x,x,x,x,x,x,x,x,x,x,x,x,x,Vanessa,"Construction zone at the waypoint, couldn't find any other but didn't check 321 Yates Dr since it said Private Property.",Lot to be developed into church soon- can't access private property. Collected samples from milkweed along driveway at 321 Yates Dr.,43.501061,-79.844567,8000,80
AS030,MW017,5,x,x,x,x,x,x,x,x,x,x,x,x,x,x,Vanessa,"Construction zone at the waypoint, couldn't find any other but didn't check 321 Yates Dr since it said Private Property.",Lot to be developed into church soon- can't access private property. Collected samples from milkweed along driveway at 321 Yates Dr.,43.501061,-79.844567,8000,80
AS031,MW018,1,1,1,0,2,3,4,2,2,0,85,Early-Middle,7/9/2019,190,1,Vanessa,"Population was completely chopped, only a few small plants left standing. Not sure why they were mowed. :(",In overgrown patch near road in new neighborhood,43.484111,-79.837702,12,30
AS031,MW018,2,0,0,1,2,0,1,1,4,3,89,Early-Middle,7/9/2019,190,1,Vanessa,"Population was completely chopped, only a few small plants left standing. Not sure why they were mowed. :(",In overgrown patch near road in new neighborhood,43.484111,-79.837702,12,30
AS031,MW018,3,1,0,4,3,0,0,,,,92,Early-Middle,7/9/2019,190,2,Vanessa,"Population was completely chopped, only a few small plants left standing. Not sure why they were mowed. :(",In overgrown patch near road in new neighborhood,43.484111,-79.837702,12,30
AS031,MW018,4,0,0,0,,,,,,,60.5,Early-Middle,7/9/2019,190,1,Vanessa,"Population was completely chopped, only a few small plants left standing. Not sure why they were mowed. :(",In overgrown patch near road in new neighborhood,43.484111,-79.837702,12,30
AS031,MW018,5,0,0,1,1,0,1,,,,78,Early-Middle,7/9/2019,190,1,Vanessa,"Population was completely chopped, only a few small plants left standing. Not sure why they were mowed. :(",In overgrown patch near road in new neighborhood,43.484111,-79.837702,12,30
AS032,MW019,1,2,1,1,5,5,3,,,,110,Early-Late,7/15/2019,196,1,Sophie,,,43.41401,-79.953028,18,20
AS032,MW019,2,4,5,2,0,0,0,2,5,3,141,Early-Late,7/15/2019,196,1,Sophie,,,43.41401,-79.953028,18,20
AS032,MW019,3,4,2,0,0,0,0,,,,144,Early-Late,7/15/2019,196,1,Sophie,,,43.41401,-79.953028,18,20
AS032,MW019,4,0,0,0,,,,,,,134,Early-Late,7/15/2019,196,1,Sophie,,,43.41401,-79.953028,18,20
AS032,MW019,5,4,0,2,0,0,0,,,,124,Early-Late,7/15/2019,196,1,Sophie,,,43.41401,-79.953028,18,20
AS033,MW020,1,4,2,5,4,5,3,0,1,0,119,Early-Late,7/15/2019,196,1,Sophie,,Near swale/overgrown patch next to road,43.387612,-79.959232,2400,60
AS033,MW020,2,5,5,1,3,5,4,2,1,5,115,Early-Late,7/15/2019,196,1,Sophie,,Near swale/overgrown patch next to road,43.387612,-79.959232,2400,60
AS033,MW020,3,4,2,2,0,1,0,,,,95,Early-Late,7/15/2019,196,1,Sophie,,Near swale/overgrown patch next to road,43.387612,-79.959232,2400,60
AS033,MW020,4,5,5,5,4,4,5,4,5,3,131,Early-Late,7/15/2019,196,1,Sophie,,Near swale/overgrown patch next to road,43.387612,-79.959232,2400,60
AS033,MW020,5,5,2,5,2,5,3,2,3,5,125,Early-Late,7/15/2019,196,1,Sophie,,Near swale/overgrown patch next to road,43.387612,-79.959232,2400,60
AS034,MW021,1,3,3,4,0,1,0,2,2,1,117,Early-Late,7/15/2019,196,1,Sophie,,Near swale/overgrown patch next to road- spread along the roadside,43.399222,-79.930576,1500,60
AS034,MW021,2,2,1,2,3,3,3,4,4,5,102,Early-Late,7/15/2019,196,1,Sophie,,Near swale/overgrown patch next to road- spread along the roadside,43.399222,-79.930576,1500,60
AS034,MW021,3,1,0,3,1,1,3,0,2,2,88,Early-Late,7/15/2019,196,1,Sophie,,Near swale/overgrown patch next to road- spread along the roadside,43.399222,-79.930576,1500,60
AS034,MW021,4,5,3,4,5,4,3,,,,113,Early-Late,7/15/2019,196,1,Sophie,,Near swale/overgrown patch next to road- spread along the roadside,43.399222,-79.930576,1500,60
AS034,MW021,5,0,2,2,0,0,0,,,,121,Early-Late,7/15/2019,196,1,Sophie,,Near swale/overgrown patch next to road- spread along the roadside,43.399222,-79.930576,1500,60
AS035,MW022,1,x,x,x,x,x,x,x,x,x,x,x,x,x,x,x,Mowed,"No inflorescences; young population? In front of farmer's field- he came over and talked with us. Nice, but ask permission before sampling",43.377146,-79.973861,30,13
AS035,MW022,2,x,x,x,x,x,x,x,x,x,x,x,x,x,x,x,Mowed,"No inflorescences; young population? In front of farmer's field- he came over and talked with us. Nice, but ask permission before sampling",43.377146,-79.973861,30,13
AS035,MW022,3,x,x,x,x,x,x,x,x,x,x,x,x,x,x,x,Mowed,"No inflorescences; young population? In front of farmer's field- he came over and talked with us. Nice, but ask permission before sampling",43.377146,-79.973861,30,13
AS035,MW022,4,x,x,x,x,x,x,x,x,x,x,x,x,x,x,x,Mowed,"No inflorescences; young population? In front of farmer's field- he came over and talked with us. Nice, but ask permission before sampling",43.377146,-79.973861,30,13
AS035,MW022,5,x,x,x,x,x,x,x,x,x,x,x,x,x,x,x,Mowed,"No inflorescences; young population? In front of farmer's field- he came over and talked with us. Nice, but ask permission before sampling",43.377146,-79.973861,30,13
AS036,MW023,1,x,x,x,x,x,x,x,x,x,x,x,x,x,x,x,Mowed,Recently mowed- spread all along roadside for a while,43.371308,-79.981819,600,20
AS036,MW023,2,x,x,x,x,x,x,x,x,x,x,x,x,x,x,x,Mowed,Recently mowed- spread all along roadside for a while,43.371308,-79.981819,600,20
AS036,MW023,3,x,x,x,x,x,x,x,x,x,x,x,x,x,x,x,Mowed,Recently mowed- spread all along roadside for a while,43.371308,-79.981819,600,20
AS036,MW023,4,x,x,x,x,x,x,x,x,x,x,x,x,x,x,x,Mowed,Recently mowed- spread all along roadside for a while,43.371308,-79.981819,600,20
AS036,MW023,5,x,x,x,x,x,x,x,x,x,x,x,x,x,x,x,Mowed,Recently mowed- spread all along roadside for a while,43.371308,-79.981819,600,20
AS037,MW024,1,x,x,x,x,x,x,x,x,x,x,x,x,x,x,x,Mowed,Right next to power line on the right side of the driveway,43.363349,-80.01471,2,2
AS037,MW024,2,x,x,x,x,x,x,x,x,x,x,x,x,x,x,x,Mowed,Right next to power line on the right side of the driveway,43.363349,-80.01471,2,2
AS038,MW025,1,x,x,x,x,x,x,x,x,x,x,x,x,x,x,x,"Plants are just coming out of the ground, very young. Didn't sample.",Young population. Right in front of electricity box near Goodyear,43.726774,-79.432109,3,12
AS038,MW025,2,x,x,x,x,x,x,x,x,x,x,x,x,x,x,x,"Plants are just coming out of the ground, very young. Didn't sample.",Young population. Right in front of electricity box near Goodyear,43.726774,-79.432109,3,12
AS038,MW025,3,x,x,x,x,x,x,x,x,x,x,x,x,x,x,x,"Plants are just coming out of the ground, very young. Didn't sample.",Young population. Right in front of electricity box near Goodyear,43.726774,-79.432109,3,12
AS038,MW025,4,x,x,x,x,x,x,x,x,x,x,x,x,x,x,x,"Plants are just coming out of the ground, very young. Didn't sample.",Young population. Right in front of electricity box near Goodyear,43.726774,-79.432109,3,12
AS038,MW025,5,x,x,x,x,x,x,x,x,x,x,x,x,x,x,x,"Plants are just coming out of the ground, very young. Didn't sample.",Young population. Right in front of electricity box near Goodyear,43.726774,-79.432109,3,12
AS039,MW026,1,0,0,2,3,1,0,0,0,0,96,Early-Middle,7/8/2019,189,1,Vanessa,About 12 plants,"Next to school and highway. 3 monarch eggs. Flemington Park area. Tucked away in a little path that goes right next to the highway, behind a fence. We entered through Flemington Park and then went south. See this photo: https://drive.google.com/file/d/1aV6DL1GW9NRdNcH7SGwMSw84Cg6n24OO/view?usp=sharing",43.719453,-79.445163,160,8
AS039,MW026,2,0,0,0,2,0,0,,,,112.5,Early-Middle,7/8/2019,189,1,Vanessa,About 12 plants,"Next to school and highway. 3 monarch eggs. Flemington Park area. Tucked away in a little path that goes right next to the highway, behind a fence. We entered through Flemington Park and then went south. See this photo: https://drive.google.com/file/d/1aV6DL1GW9NRdNcH7SGwMSw84Cg6n24OO/view?usp=sharing",43.719453,-79.445163,160,8
AS039,MW026,3,0,0,0,0,0,0,,,,84.5,Early-Middle,7/8/2019,189,1,Vanessa,About 12 plants,"Next to school and highway. 3 monarch eggs. Flemington Park area. Tucked away in a little path that goes right next to the highway, behind a fence. We entered through Flemington Park and then went south. See this photo: https://drive.google.com/file/d/1aV6DL1GW9NRdNcH7SGwMSw84Cg6n24OO/view?usp=sharing",43.719453,-79.445163,160,8
AS039,MW026,4,2,3,3,0,0,1,0,1,0,87.5,Early-Middle,7/8/2019,189,1,Vanessa,About 12 plants,"Next to school and highway. 3 monarch eggs. Flemington Park area. Tucked away in a little path that goes right next to the highway, behind a fence. We entered through Flemington Park and then went south. See this photo: https://drive.google.com/file/d/1aV6DL1GW9NRdNcH7SGwMSw84Cg6n24OO/view?usp=sharing",43.719453,-79.445163,160,8
AS039,MW026,5,2,4,0,0,2,,,,,83,Early-Middle,7/8/2019,189,1,Vanessa,About 12 plants,"Next to school and highway. 3 monarch eggs. Flemington Park area. Tucked away in a little path that goes right next to the highway, behind a fence. We entered through Flemington Park and then went south. See this photo: https://drive.google.com/file/d/1aV6DL1GW9NRdNcH7SGwMSw84Cg6n24OO/view?usp=sharing",43.719453,-79.445163,160,8
AS040,MW027,1,x,x,x,x,x,x,x,x,x,x,x,x,x,x,Vanessa,"About 40 plants, small and not flowering",In Baycrest Park garden area. Looks wild; dispersed in weeds.,43.726466,-79.445593,48,60
AS040,MW027,2,x,x,x,x,x,x,x,x,x,x,x,x,x,x,Vanessa,"About 40 plants, small and not flowering",In Baycrest Park garden area. Looks wild; dispersed in weeds.,43.726466,-79.445593,48,60
AS040,MW027,3,x,x,x,x,x,x,x,x,x,x,x,x,x,x,Vanessa,"About 40 plants, small and not flowering",In Baycrest Park garden area. Looks wild; dispersed in weeds.,43.726466,-79.445593,48,60
AS040,MW027,4,x,x,x,x,x,x,x,x,x,x,x,x,x,x,Vanessa,"About 40 plants, small and not flowering",In Baycrest Park garden area. Looks wild; dispersed in weeds.,43.726466,-79.445593,48,60
AS040,MW027,5,x,x,x,x,x,x,x,x,x,x,x,x,x,x,Vanessa,"About 40 plants, small and not flowering",In Baycrest Park garden area. Looks wild; dispersed in weeds.,43.726466,-79.445593,48,60
AS041,MW028,1,x,x,x,x,x,x,x,x,x,x,x,x,x,x,Vanessa,"About 18 plants along the vegetation near edge of park, none were flowering.",Caledonia Park. Little patches throughout the park vegetation.,43.713472,-79.463271,4000,18
AS041,MW028,2,x,x,x,x,x,x,x,x,x,x,x,x,x,x,Vanessa,"About 18 plants along the vegetation near edge of park, none were flowering.",Caledonia Park. Little patches throughout the park vegetation.,43.713472,-79.463271,4000,18
AS041,MW028,3,x,x,x,x,x,x,x,x,x,x,x,x,x,x,Vanessa,"About 18 plants along the vegetation near edge of park, none were flowering.",Caledonia Park. Little patches throughout the park vegetation.,43.713472,-79.463271,4000,18
AS041,MW028,4,x,x,x,x,x,x,x,x,x,x,x,x,x,x,Vanessa,"About 18 plants along the vegetation near edge of park, none were flowering.",Caledonia Park. Little patches throughout the park vegetation.,43.713472,-79.463271,4000,18
AS041,MW028,5,x,x,x,x,x,x,x,x,x,x,x,x,x,x,Vanessa,"About 18 plants along the vegetation near edge of park, none were flowering.",Caledonia Park. Little patches throughout the park vegetation.,43.713472,-79.463271,4000,18
AS042,MW029,1,1,0,2,0,0,1,3,0,0,154,Middle,7/8/2019,189,1,Vanessa,Plants were tall! But hard to access due to thistles and other plants.,North Park. Many pods seen. Spread along path,43.713584,-79.475768,9,19
AS042,MW029,2,2,3,4,2,0,0,1,0,1,128.5,Middle,7/8/2019,189,1,Vanessa,Plants were tall! But hard to access due to thistles and other plants.,North Park. Many pods seen. Spread along path,43.713584,-79.475768,9,19
AS042,MW029,3,1,1,2,1,0,0,0,0,0,127.5,Middle,7/8/2019,189,1,Vanessa,Plants were tall! But hard to access due to thistles and other plants.,North Park. Many pods seen. Spread along path,43.713584,-79.475768,9,19
AS042,MW029,4,2,2,4,1,0,1,0,0,0,136.5,Middle,7/8/2019,189,1,Vanessa,Plants were tall! But hard to access due to thistles and other plants.,North Park. Many pods seen. Spread along path,43.713584,-79.475768,9,19
AS042,MW029,5,0,2,0,0,0,1,2,1,0,139.5,Middle,7/8/2019,189,1,Vanessa,Plants were tall! But hard to access due to thistles and other plants.,North Park. Many pods seen. Spread along path,43.713584,-79.475768,9,19
AS043,MW030,1,1,0,0,0,0,0,0,0,0,149,Middle,7/8/2019,189,3,Albert,"Got permission before surveying, about 10 plants all flowering.",8 Raven Drive. Not planted; sprouted this year. Owner friendly and curious- just ask for permission before surveying,43.71387,-79.505919,2,10
AS043,MW030,2,0,0,0,1,1,1,2,0,3,150,Middle,7/8/2019,189,5,Albert,"Got permission before surveying, about 10 plants all flowering.",8 Raven Drive. Not planted; sprouted this year. Owner friendly and curious- just ask for permission before surveying,43.71387,-79.505919,2,10
AS043,MW030,3,2,1,1,0,1,0,0,0,0,160,Middle,7/8/2019,189,4,Albert,"Got permission before surveying, about 10 plants all flowering.",8 Raven Drive. Not planted; sprouted this year. Owner friendly and curious- just ask for permission before surveying,43.71387,-79.505919,2,10
AS043,MW030,4,1,1,0,3,2,0,0,0,0,132,Middle,7/8/2019,189,5,Albert,"Got permission before surveying, about 10 plants all flowering.",8 Raven Drive. Not planted; sprouted this year. Owner friendly and curious- just ask for permission before surveying,43.71387,-79.505919,2,10
AS043,MW030,5,0,1,0,1,0,2,0,0,0,138,Middle,7/8/2019,189,6,Albert,"Got permission before surveying, about 10 plants all flowering.",8 Raven Drive. Not planted; sprouted this year. Owner friendly and curious- just ask for permission before surveying,43.71387,-79.505919,2,10
AS044,MW031,1,3,4,1,2,1,4,0,2,3,94,Middle,7/8/2019,189,1,Vanessa,,Pelmo Park. Near highway. Herbivory evident.,43.713092,-79.515599,6000,240
AS044,MW031,2,3,2,1,1,1,0,0,2,0,113.5,Middle,7/8/2019,189,1,Vanessa,,Pelmo Park. Near highway. Herbivory evident.,43.713092,-79.515599,6000,240
AS044,MW031,3,1,0,1,0,2,2,,,,108,Middle,7/8/2019,189,1,Vanessa,,Pelmo Park. Near highway. Herbivory evident.,43.713092,-79.515599,6000,240
AS044,MW031,4,2,0,1,1,0,3,0,0,0,97.5,Middle,7/8/2019,189,1,Vanessa,,Pelmo Park. Near highway. Herbivory evident.,43.713092,-79.515599,6000,240
AS044,MW031,5,0,0,1,0,0,0,0,0,0,93.5,Middle,7/8/2019,189,1,Vanessa,,Pelmo Park. Near highway. Herbivory evident.,43.713092,-79.515599,6000,240
AS045,MW032,1,1,2,1,2,2,0,1,0,0,87,Early-Middle,7/18/2019,199,1,Sophie,,Population growing around perimeter of community garden.,43.66963,-79.498027,6000,27
AS045,MW032,2,1,2,0,2,0,1,0,1,3,99,Early-Middle,7/18/2019,199,1,Sophie,,Population growing around perimeter of community garden.,43.66963,-79.498027,6000,27
AS045,MW032,3,0,1,0,1,2,1,1,0,4,73,Early-Middle,7/18/2019,199,1,Sophie,,Population growing around perimeter of community garden.,43.66963,-79.498027,6000,27
AS045,MW032,4,4,0,0,0,1,0,1,1,0,74,Early-Middle,7/18/2019,199,1,Sophie,,Population growing around perimeter of community garden.,43.66963,-79.498027,6000,27
AS045,MW032,5,1,4,3,1,4,1,1,0,0,84,Early-Middle,7/18/2019,199,1,Sophie,,Population growing around perimeter of community garden.,43.66963,-79.498027,6000,27
AS046,MW033,1,2,3,1,3,3,2,1,2,2,95,Middle,7/10/2019,191,1,Vanessa,"Only about 15 plants along roadside, some are on the property but I didn't sample those.",Along roadside. Mowed and unmowed portions. Next to crop field. Leaves very dry.,43.358912,-80.043033,80,25
AS046,MW033,2,5,3,4,4,0,4,0,,,69,Middle,7/10/2019,191,1,Albert,"Only about 15 plants along roadside, some are on the property but I didn't sample those.",Along roadside. Mowed and unmowed portions. Next to crop field. Leaves very dry.,43.358912,-80.043033,80,25
AS046,MW033,3,5,4,4,3,4,5,3,4,0,73,Middle,7/10/2019,191,1,Albert,"Only about 15 plants along roadside, some are on the property but I didn't sample those.",Along roadside. Mowed and unmowed portions. Next to crop field. Leaves very dry.,43.358912,-80.043033,80,25
AS046,MW033,4,5,5,3,,,,,,,61,Middle,7/10/2019,191,1,Albert,"Only about 15 plants along roadside, some are on the property but I didn't sample those.",Along roadside. Mowed and unmowed portions. Next to crop field. Leaves very dry.,43.358912,-80.043033,80,25
AS046,MW033,5,1,1,0,1,2,0,0,0,0,63,Middle,7/10/2019,191,2,Vanessa,"Only about 15 plants along roadside, some are on the property but I didn't sample those.",Along roadside. Mowed and unmowed portions. Next to crop field. Leaves very dry.,43.358912,-80.043033,80,25
AS047,MW034,1,2,3,3,0,5,2,2,0,4,94,Middle,7/10/2019,191,1,Vanessa,"Checked at waypoint (plants are small and seem mowed), larger patch east of the waypoint that were flowering so sampled those ones.",Mowed and grassy areas. Area extends 450m east of waypoint on N side of road. Huge field 100m west of waypoint.,43.357422,-80.052572,18850,980
AS047,MW034,2,0,0,1,1,1,2,3,3,2,109,Middle,7/10/2019,191,1,Vanessa,"Checked at waypoint (plants are small and seem mowed), larger patch east of the waypoint that were flowering so sampled those ones.",Mowed and grassy areas. Area extends 450m east of waypoint on N side of road. Huge field 100m west of waypoint.,43.357422,-80.052572,18850,980
AS047,MW034,3,0,1,1,1,1,1,2,1,2,101,Middle,7/10/2019,191,1,Vanessa,"Checked at waypoint (plants are small and seem mowed), larger patch east of the waypoint that were flowering so sampled those ones.",Mowed and grassy areas. Area extends 450m east of waypoint on N side of road. Huge field 100m west of waypoint.,43.357422,-80.052572,18850,980
AS047,MW034,4,4,4,5,5,4,5,1,2,4,115,Middle,7/10/2019,191,1,Vanessa,"Checked at waypoint (plants are small and seem mowed), larger patch east of the waypoint that were flowering so sampled those ones.",Mowed and grassy areas. Area extends 450m east of waypoint on N side of road. Huge field 100m west of waypoint.,43.357422,-80.052572,18850,980
AS047,MW034,5,3,2,5,5,4,3,,,,168,Middle,7/10/2019,191,1,Vanessa,"Checked at waypoint (plants are small and seem mowed), larger patch east of the waypoint that were flowering so sampled those ones.",Mowed and grassy areas. Area extends 450m east of waypoint on N side of road. Huge field 100m west of waypoint.,43.357422,-80.052572,18850,980
AS048,MW035,1,0,0,0,0,2,0,,,,111.5,Early,7/10/2019,191,1,Vanessa,Only 2 plants were flowering across the street from waypoint.,Some milkweed have a rusty purple/dark green undertone (stress?). Extends along roadside.,43.349551,-80.098407,8000,170
AS048,MW035,2,0,1,2,4,4,5,,,,112,Early,7/10/2019,191,1,Albert,Only 2 plants were flowering across the street from waypoint.,Some milkweed have a rusty purple/dark green undertone (stress?). Extends along roadside.,43.349551,-80.098407,8000,170
AS048,MW035,3,x,x,x,x,x,x,x,x,x,x,x,x,x,x,x,,Some milkweed have a rusty purple/dark green undertone (stress?). Extends along roadside.,43.349551,-80.098407,8000,170
AS048,MW035,4,x,x,x,x,x,x,x,x,x,x,x,x,x,x,x,,Some milkweed have a rusty purple/dark green undertone (stress?). Extends along roadside.,43.349551,-80.098407,8000,170
AS048,MW035,5,x,x,x,x,x,x,x,x,x,x,x,x,x,x,x,,Some milkweed have a rusty purple/dark green undertone (stress?). Extends along roadside.,43.349551,-80.098407,8000,170
AS049,MW036,1,2,3,3,5,1,4,3,3,2,112,Middle,7/10/2019,191,1,Vanessa,Along roadside by fence. Homeowner came out to talk to us but we didn't sample beyond the fence.,One monarch caterpillar dead when collected,43.321018,-80.049313,1800,170
AS049,MW036,2,3,4,0,3,2,0,2,2,1,89,Middle,7/10/2019,191,1,Vanessa,Along roadside by fence. Homeowner came out to talk to us but we didn't sample beyond the fence.,One monarch caterpillar dead when collected,43.321018,-80.049313,1800,170
AS049,MW036,3,2,5,2,0,3,1,0,0,1,108,Middle,7/10/2019,191,1,Vanessa,Along roadside by fence. Homeowner came out to talk to us but we didn't sample beyond the fence.,One monarch caterpillar dead when collected,43.321018,-80.049313,1800,170
AS049,MW036,4,3,5,3,2,5,3,,,,85,Middle,7/10/2019,191,1,Vanessa,Along roadside by fence. Homeowner came out to talk to us but we didn't sample beyond the fence.,One monarch caterpillar dead when collected,43.321018,-80.049313,1800,170
AS049,MW036,5,2,2,1,3,2,0,,,,90,Middle,7/10/2019,191,1,Albert,Along roadside by fence. Homeowner came out to talk to us but we didn't sample beyond the fence.,One monarch caterpillar dead when collected,43.321018,-80.049313,1800,170
AS050,MW037,1,1,0,1,,,,,,,120,Late,7/16/2019,197,1,Sophie,Can't sample more plants (which were flowering)- homeowner not home.,"Lindsay's first day in field. She took over for Samreen starting today. Young plants, no inflorescences. 64/62 Golfwood Heights.",43.702158,-79.543737,70,30
AS050,MW037,2,0,1,2,1,2,1,,,,119,Late,7/16/2019,197,1,Sophie,Can't sample more plants (which were flowering)- homeowner not home.,"Lindsay's first day in field. She took over for Samreen starting today. Young plants, no inflorescences. 64/62 Golfwood Heights.",43.702158,-79.543737,70,30
AS050,MW037,3,x,x,x,x,x,x,x,x,x,x,x,x,x,x,x,Can't sample more plants (which were flowering)- homeowner not home.,"Lindsay's first day in field. She took over for Samreen starting today. Young plants, no inflorescences. 64/62 Golfwood Heights.",43.702158,-79.543737,70,30
AS050,MW037,4,x,x,x,x,x,x,x,x,x,x,x,x,x,x,x,Can't sample more plants (which were flowering)- homeowner not home.,"Lindsay's first day in field. She took over for Samreen starting today. Young plants, no inflorescences. 64/62 Golfwood Heights.",43.702158,-79.543737,70,30
AS050,MW037,5,x,x,x,x,x,x,x,x,x,x,x,x,x,x,x,Can't sample more plants (which were flowering)- homeowner not home.,"Lindsay's first day in field. She took over for Samreen starting today. Young plants, no inflorescences. 64/62 Golfwood Heights.",43.702158,-79.543737,70,30
AS051,MW038,1,x,x,x,x,x,x,x,x,x,x,x,x,x,x,x,Can't sample plants (which were flowering)- homeowner not home.,Ask for owner's permission,43.701032,-79.549473,16,12
AS051,MW038,2,x,x,x,x,x,x,x,x,x,x,x,x,x,x,x,Can't sample plants (which were flowering)- homeowner not home.,Ask for owner's permission,43.701032,-79.549473,16,12
AS051,MW038,3,x,x,x,x,x,x,x,x,x,x,x,x,x,x,x,Can't sample plants (which were flowering)- homeowner not home.,Ask for owner's permission,43.701032,-79.549473,16,12
AS051,MW038,4,x,x,x,x,x,x,x,x,x,x,x,x,x,x,x,Can't sample plants (which were flowering)- homeowner not home.,Ask for owner's permission,43.701032,-79.549473,16,12
AS051,MW038,5,x,x,x,x,x,x,x,x,x,x,x,x,x,x,x,Can't sample plants (which were flowering)- homeowner not home.,Ask for owner's permission,43.701032,-79.549473,16,12
AS052,MW039,1,0,0,3,0,0,0,1,0,0,66,Mid-Late,7/16/2019,197,1,Sophie,Some plants have big follicles already! While other plants in the population are still mid-stage!,Spread throughout industrial mall area.,43.701432,-79.56251,10000,480
AS052,MW039,2,0,1,2,0,0,0,0,1,1,117,Mid-Late,7/16/2019,197,1,Sophie,Some plants have big follicles already! While other plants in the population are still mid-stage!,Spread throughout industrial mall area.,43.701432,-79.56251,10000,480
AS052,MW039,3,1,4,1,0,2,0,0,4,1,122,Mid-Late,7/16/2019,197,1,Sophie,Some plants have big follicles already! While other plants in the population are still mid-stage!,Spread throughout industrial mall area.,43.701432,-79.56251,10000,480
AS052,MW039,4,2,0,1,0,2,0,2,1,0,96,Mid-Late,7/16/2019,197,1,Sophie,Some plants have big follicles already! While other plants in the population are still mid-stage!,Spread throughout industrial mall area.,43.701432,-79.56251,10000,480
AS052,MW039,5,1,1,0,0,1,4,0,1,0,126,Mid-Late,7/16/2019,197,1,Sophie,Some plants have big follicles already! While other plants in the population are still mid-stage!,Spread throughout industrial mall area.,43.701432,-79.56251,10000,480
AS053,MW040,1,1,1,0,1,0,0,2,0,1,108,Early-Late,7/16/2019,197,1,Sophie,,ROW near urban garden. Many young plants. Near Stoffel Drive Allotments.,43.690086,-79.572325,2000,150
AS053,MW040,2,0,0,0,1,0,1,0,0,0,99,Early-Late,7/16/2019,197,1,Sophie,,ROW near urban garden. Many young plants. Near Stoffel Drive Allotments.,43.690086,-79.572325,2000,150
AS053,MW040,3,1,2,0,0,0,1,2,0,0,120,Early-Late,7/16/2019,197,1,Sophie,,ROW near urban garden. Many young plants. Near Stoffel Drive Allotments.,43.690086,-79.572325,2000,150
AS053,MW040,4,4,0,0,0,2,0,0,0,0,99,Early-Late,7/16/2019,197,1,Sophie,,ROW near urban garden. Many young plants. Near Stoffel Drive Allotments.,43.690086,-79.572325,2000,150
AS053,MW040,5,1,0,0,0,0,1,0,1,0,106,Early-Late,7/16/2019,197,1,Sophie,,ROW near urban garden. Many young plants. Near Stoffel Drive Allotments.,43.690086,-79.572325,2000,150
AS054,MW041,1,0,0,2,,,,,,,83,Late,7/16/2019,197,1,Sophie,,No inflorescences; hard to tell age of plants. May be spread in patches throughout park's edge vegetation (can't remember exactly),43.675131,-79.571575,50,5
AS054,MW041,2,0,3,0,,,,,,,85,Late,7/16/2019,197,1,Sophie,,No inflorescences; hard to tell age of plants. May be spread in patches throughout park's edge vegetation (can't remember exactly),43.675131,-79.571575,50,5
AS054,MW041,3,x,x,x,x,x,x,x,x,x,x,x,x,x,x,x,,No inflorescences; hard to tell age of plants. May be spread in patches throughout park's edge vegetation (can't remember exactly),43.675131,-79.571575,50,5
AS054,MW041,4,x,x,x,x,x,x,x,x,x,x,x,x,x,x,x,,No inflorescences; hard to tell age of plants. May be spread in patches throughout park's edge vegetation (can't remember exactly),43.675131,-79.571575,50,5
AS054,MW041,5,x,x,x,x,x,x,x,x,x,x,x,x,x,x,x,,No inflorescences; hard to tell age of plants. May be spread in patches throughout park's edge vegetation (can't remember exactly),43.675131,-79.571575,50,5
AS055,MW042,1,x,x,x,x,x,x,x,x,x,x,x,x,x,x,Sophie,Young plants only.,Along house's fence,43.664067,-79.577284,10,11
AS055,MW042,2,x,x,x,x,x,x,x,x,x,x,x,x,x,x,Sophie,Young plants only.,Along house's fence,43.664067,-79.577284,10,11
AS055,MW042,3,x,x,x,x,x,x,x,x,x,x,x,x,x,x,Sophie,Young plants only.,Along house's fence,43.664067,-79.577284,10,11
AS055,MW042,4,x,x,x,x,x,x,x,x,x,x,x,x,x,x,Sophie,Young plants only.,Along house's fence,43.664067,-79.577284,10,11
AS055,MW042,5,x,x,x,x,x,x,x,x,x,x,x,x,x,x,Sophie,Young plants only.,Along house's fence,43.664067,-79.577284,10,11
AS056,MW043,5,x,x,x,x,x,x,x,x,x,x,x,x,x,x,Vanessa,Only a few but none were flowering on 7/10/2019,Ash swamp (lowland). Lateral population spread along roadside.,43.32296,-80.038276,4800,102
AS056,MW043,5,x,x,x,x,x,x,x,x,x,x,x,x,x,x,Vanessa,Only a few but none were flowering on 7/10/2019,Ash swamp (lowland). Lateral population spread along roadside.,43.32296,-80.038276,4800,102
AS056,MW043,5,x,x,x,x,x,x,x,x,x,x,x,x,x,x,Vanessa,Only a few but none were flowering on 7/10/2019,Ash swamp (lowland). Lateral population spread along roadside.,43.32296,-80.038276,4800,102
AS056,MW043,5,x,x,x,x,x,x,x,x,x,x,x,x,x,x,Vanessa,Only a few but none were flowering on 7/10/2019,Ash swamp (lowland). Lateral population spread along roadside.,43.32296,-80.038276,4800,102
AS056,MW043,5,x,x,x,x,x,x,x,x,x,x,x,x,x,x,Vanessa,Only a few but none were flowering on 7/10/2019,Ash swamp (lowland). Lateral population spread along roadside.,43.32296,-80.038276,4800,102
AS057,MW044,1,0,2,3,1,0,1,,,,120,Early,7/10/2019,191,1,Albert,Only 2 plants flowering along roadside,Along roadside,43.330042,-79.995566,450,17
AS057,MW044,2,0,5,1,0,0,0,,,,122,Early,7/10/2019,191,1,Albert,Only 2 plants flowering along roadside,Along roadside,43.330042,-79.995566,450,17
AS057,MW044,3,x,x,x,x,x,x,x,x,x,x,x,x,x,x,x,,Along roadside,43.330042,-79.995566,450,17
AS057,MW044,4,x,x,x,x,x,x,x,x,x,x,x,x,x,x,x,,Along roadside,43.330042,-79.995566,450,17
AS057,MW044,5,x,x,x,x,x,x,x,x,x,x,x,x,x,x,x,,Along roadside,43.330042,-79.995566,450,17
AS058,MW045,1,x,x,x,x,x,x,x,x,x,x,x,x,x,x,Vanessa,Looks like someone dug through the ditch and removed all vegetation. Some m.w. on property and adjacent ditch but all small and not flowering.,ROW within 200m,43.335538,-79.962974,430,50
AS058,MW045,2,x,x,x,x,x,x,x,x,x,x,x,x,x,x,Vanessa,Looks like someone dug through the ditch and removed all vegetation. Some m.w. on property and adjacent ditch but all small and not flowering.,ROW within 200m,43.335538,-79.962974,430,50
AS058,MW045,3,x,x,x,x,x,x,x,x,x,x,x,x,x,x,Vanessa,Looks like someone dug through the ditch and removed all vegetation. Some m.w. on property and adjacent ditch but all small and not flowering.,ROW within 200m,43.335538,-79.962974,430,50
AS058,MW045,4,x,x,x,x,x,x,x,x,x,x,x,x,x,x,Vanessa,Looks like someone dug through the ditch and removed all vegetation. Some m.w. on property and adjacent ditch but all small and not flowering.,ROW within 200m,43.335538,-79.962974,430,50
AS058,MW045,5,x,x,x,x,x,x,x,x,x,x,x,x,x,x,Vanessa,Looks like someone dug through the ditch and removed all vegetation. Some m.w. on property and adjacent ditch but all small and not flowering.,ROW within 200m,43.335538,-79.962974,430,50
AS059,MW046,1,1,2,2,1,0,3,0,4,0,91,Middle,7/10/2019,191,1,Vanessa,Sampled at stoplight diagonal from Petro Canada. Hill was steep and we were too exhausted to climb down. About 40 plants spread across the roadside from corner.,Population extends from 930 Hwy 6 to Petro Canada,43.343046,-79.959704,6000,430
AS059,MW046,2,0,4,2,0,2,0,2,1,2,132,Middle,7/10/2019,191,1,Vanessa,Sampled at stoplight diagonal from Petro Canada. Hill was steep and we were too exhausted to climb down. About 40 plants spread across the roadside from corner.,Population extends from 930 Hwy 6 to Petro Canada,43.343046,-79.959704,6000,430
AS059,MW046,3,0,2,4,1,3,3,0,0,0,81,Middle,7/10/2019,191,1,Vanessa,Sampled at stoplight diagonal from Petro Canada. Hill was steep and we were too exhausted to climb down. About 40 plants spread across the roadside from corner.,Population extends from 930 Hwy 6 to Petro Canada,43.343046,-79.959704,6000,430
AS059,MW046,4,0,0,1,3,2,2,,,,142,Middle,7/10/2019,191,1,Vanessa,Sampled at stoplight diagonal from Petro Canada. Hill was steep and we were too exhausted to climb down. About 40 plants spread across the roadside from corner.,Population extends from 930 Hwy 6 to Petro Canada,43.343046,-79.959704,6000,430
AS059,MW046,5,2,2,0,1,0,1,0,1,2,117,Middle,7/10/2019,191,1,Vanessa,Sampled at stoplight diagonal from Petro Canada. Hill was steep and we were too exhausted to climb down. About 40 plants spread across the roadside from corner.,Population extends from 930 Hwy 6 to Petro Canada,43.343046,-79.959704,6000,430
AS060,MW047,1,x,x,x,x,x,x,x,x,x,x,x,7/18/2019,199,x,Sophie,"Plants on other side of roadside swale and seemed dangerous to go alone, so I didn't sample.",,43.519441,-79.750471,2000,240
AS060,MW047,2,x,x,x,x,x,x,x,x,x,x,x,7/18/2019,199,x,Sophie,"Plants on other side of roadside swale and seemed dangerous to go alone, so I didn't sample.",,43.519441,-79.750471,2000,240
AS060,MW047,3,x,x,x,x,x,x,x,x,x,x,x,7/18/2019,199,x,Sophie,"Plants on other side of roadside swale and seemed dangerous to go alone, so I didn't sample.",,43.519441,-79.750471,2000,240
AS060,MW047,4,x,x,x,x,x,x,x,x,x,x,x,7/18/2019,199,x,Sophie,"Plants on other side of roadside swale and seemed dangerous to go alone, so I didn't sample.",,43.519441,-79.750471,2000,240
AS060,MW047,5,x,x,x,x,x,x,x,x,x,x,x,7/18/2019,199,x,Sophie,"Plants on other side of roadside swale and seemed dangerous to go alone, so I didn't sample.",,43.519441,-79.750471,2000,240
AS061,MW048,1,x,x,x,x,x,x,x,x,x,x,x,7/18/2019,199,x,Sophie,Plant not seen,ROW within 200m. Plant 300m west of hwy 407.,43.530493,-79.738194,1,1
AS062,MW049,1,0,1,0,0,0,0,0,0,0,113.5,Middle,7/7/2019,188,1,Vanessa,"Still at stoplight corner, approximately 50 plants. Looked mowed along edges though.",Property to be developed soon. At stoplight corner. Many Tetraopes and bees seen.,43.534939,-79.732912,40,72
AS062,MW049,2,1,1,0,1,2,1,1,0,3,131,Middle,7/7/2019,188,1,Vanessa,"Still at stoplight corner, approximately 50 plants. Looked mowed along edges though.",Property to be developed soon. At stoplight corner. Many Tetraopes and bees seen.,43.534939,-79.732912,40,72
AS062,MW049,3,4,3,3,0,4,2,4,2,0,115.5,Middle,7/7/2019,188,1,Vanessa,"Still at stoplight corner, approximately 50 plants. Looked mowed along edges though.",Property to be developed soon. At stoplight corner. Many Tetraopes and bees seen.,43.534939,-79.732912,40,72
AS062,MW049,4,0,1,0,0,0,0,0,2,0,114,Middle,7/7/2019,188,2,Vanessa,"Still at stoplight corner, approximately 50 plants. Looked mowed along edges though.",Property to be developed soon. At stoplight corner. Many Tetraopes and bees seen.,43.534939,-79.732912,40,72
AS062,MW049,5,0,2,1,0,0,0,,,,123,Middle,7/7/2019,188,1,Vanessa,"Still at stoplight corner, approximately 50 plants. Looked mowed along edges though.",Property to be developed soon. At stoplight corner. Many Tetraopes and bees seen.,43.534939,-79.732912,40,72
AS063,MW050,1,1,0,0,0,0,2,,,,119.5,Middle,7/9/2019,190,1,Vanessa,Only about 15-20 plants along the hill in the field. Didn't see any milkweed closer to towers,Weevils seen and captured. Deep in field in hydro line green space.,43.535065,-79.721652,1000,60
AS063,MW050,2,0,1,1,,,,,,,86,Middle,7/9/2019,190,1,Vanessa,Only about 15-20 plants along the hill in the field. Didn't see any milkweed closer to towers,Weevils seen and captured. Deep in field in hydro line green space.,43.535065,-79.721652,1000,60
AS063,MW050,3,1,1,1,0,0,2,,,,90.5,Middle,7/9/2019,190,1,Vanessa,Only about 15-20 plants along the hill in the field. Didn't see any milkweed closer to towers,Weevils seen and captured. Deep in field in hydro line green space.,43.535065,-79.721652,1000,60
AS063,MW050,4,1,1,0,2,0,0,1,0,0,96,Middle,7/9/2019,190,1,Vanessa,Only about 15-20 plants along the hill in the field. Didn't see any milkweed closer to towers,Weevils seen and captured. Deep in field in hydro line green space.,43.535065,-79.721652,1000,60
AS063,MW050,5,1,1,0,2,0,2,0,0,1,72,Middle,7/9/2019,190,1,Vanessa,Only about 15-20 plants along the hill in the field. Didn't see any milkweed closer to towers,Weevils seen and captured. Deep in field in hydro line green space.,43.535065,-79.721652,1000,60
AS064,MW051,1,0,2,0,1,0,1,2,3,1,130,Middle,7/4/2019,185,1,Albert,"Approximately 18 plants, nice lady at 92 Yarmouth Ave. Lots of yellow aphids.",Many aphids seen and captured. Population extends from 93-94 and 151 Yarmouth Ave.,43.669676,-79.422881,900,25
AS064,MW051,2,0,0,4,1,0,0,1,1,2,93,Middle,7/4/2019,185,1,Albert,"Approximately 18 plants, nice lady at 92 Yarmouth Ave. Lots of yellow aphids.",Many aphids seen and captured. Population extends from 93-94 and 151 Yarmouth Ave.,43.669676,-79.422881,900,25
AS064,MW051,3,0,0,0,2,2,1,1,0,0,147,Middle,7/4/2019,185,1,Albert,"Approximately 18 plants, nice lady at 92 Yarmouth Ave. Lots of yellow aphids.",Many aphids seen and captured. Population extends from 93-94 and 151 Yarmouth Ave.,43.669676,-79.422881,900,25
AS064,MW051,4,0,0,1,0,0,0,1,1,1,102,Middle,7/4/2019,185,1,Albert,"Approximately 18 plants, nice lady at 92 Yarmouth Ave. Lots of yellow aphids.",Many aphids seen and captured. Population extends from 93-94 and 151 Yarmouth Ave.,43.669676,-79.422881,900,25
AS064,MW051,5,5,0,1,0,0,1,1,1,1,107.5,Middle,7/4/2019,185,1,Vanessa,"Approximately 18 plants, nice lady at 92 Yarmouth Ave. Lots of yellow aphids.",Many aphids seen and captured. Population extends from 93-94 and 151 Yarmouth Ave.,43.669676,-79.422881,900,25
AS065,MW052,1,0,0,0,0,0,0,,,,105.5,Early,7/4/2019,185,2,Albert,"Only 2 plants, took photos but they may have been the same individual (very close together, appeared to be 2 ramets)",Young plants. May be taken out by owners.,43.680726,-79.411251,1,2
AS065,MW052,2,0,2,0,0,,,,,,102,Early,7/4/2019,185,2,Vanessa,"Only 2 plants, took photos but they may have been the same individual (very close together, appeared to be 2 ramets)",Young plants. May be taken out by owners.,43.680726,-79.411251,1,2
AS066,MW053,1,x,x,x,x,x,x,x,x,x,x,x,x,x,x,Vanessa,"Within the park, none were flowering though they had some buds (most inflorescences were quite small though).","Cedarvale Park, east of dog park. On path.",43.691138,-79.427943,75,20
AS066,MW053,2,x,x,x,x,x,x,x,x,x,x,x,x,x,x,Vanessa,"Within the park, none were flowering though they had some buds (most inflorescences were quite small though).","Cedarvale Park, east of dog park. On path.",43.691138,-79.427943,75,20
AS066,MW053,3,x,x,x,x,x,x,x,x,x,x,x,x,x,x,Vanessa,"Within the park, none were flowering though they had some buds (most inflorescences were quite small though).","Cedarvale Park, east of dog park. On path.",43.691138,-79.427943,75,20
AS066,MW053,4,x,x,x,x,x,x,x,x,x,x,x,x,x,x,Vanessa,"Within the park, none were flowering though they had some buds (most inflorescences were quite small though).","Cedarvale Park, east of dog park. On path.",43.691138,-79.427943,75,20
AS066,MW053,5,x,x,x,x,x,x,x,x,x,x,x,x,x,x,Vanessa,"Within the park, none were flowering though they had some buds (most inflorescences were quite small though).","Cedarvale Park, east of dog park. On path.",43.691138,-79.427943,75,20
AS067,MW054,1,x,x,x,x,x,x,x,x,x,x,x,x,x,x,Sophie,"3 flowering plants but no one home, so didn't sample.",140-142 Winona Dr,43.67876,-79.431977,12,14
AS067,MW054,2,x,x,x,x,x,x,x,x,x,x,x,x,x,x,Sophie,"3 flowering plants but no one home, so didn't sample.",140-142 Winona Dr,43.67876,-79.431977,12,14
AS067,MW054,3,x,x,x,x,x,x,x,x,x,x,x,x,x,x,Sophie,"3 flowering plants but no one home, so didn't sample.",140-142 Winona Dr,43.67876,-79.431977,12,14
AS067,MW054,4,x,x,x,x,x,x,x,x,x,x,x,x,x,x,Sophie,"3 flowering plants but no one home, so didn't sample.",140-142 Winona Dr,43.67876,-79.431977,12,14
AS067,MW054,5,x,x,x,x,x,x,x,x,x,x,x,x,x,x,Sophie,"3 flowering plants but no one home, so didn't sample.",140-142 Winona Dr,43.67876,-79.431977,12,14
AS068,MW055,1,x,x,x,x,x,x,x,x,x,x,x,x,x,x,Vanessa,NO MILKWEED FOUND ON 7/4/2019,97 Auburn Ave. Young plants.,43.674579,-79.446438,5,4
AS068,MW055,2,x,x,x,x,x,x,x,x,x,x,x,x,x,x,Vanessa,NO MILKWEED FOUND ON 7/4/2019,97 Auburn Ave. Young plants.,43.674579,-79.446438,5,4
AS068,MW055,3,x,x,x,x,x,x,x,x,x,x,x,x,x,x,Vanessa,NO MILKWEED FOUND ON 7/4/2019,97 Auburn Ave. Young plants.,43.674579,-79.446438,5,4
AS068,MW055,4,x,x,x,x,x,x,x,x,x,x,x,x,x,x,Vanessa,NO MILKWEED FOUND ON 7/4/2019,97 Auburn Ave. Young plants.,43.674579,-79.446438,5,4
AS068,MW055,5,x,x,x,x,x,x,x,x,x,x,x,x,x,x,Vanessa,NO MILKWEED FOUND ON 7/4/2019,97 Auburn Ave. Young plants.,43.674579,-79.446438,5,4
AS069,MW056,1,1,4,0,0,0,1,2,0,0,107,Early-Middle,7/4/2019,185,2,Vanessa,,At telephone pole.,43.671068,-79.452408,1600,30
AS069,MW056,2,1,0,3,1,1,1,0,0,0,91.5,Early-Middle,7/4/2019,185,1,Vanessa,,At telephone pole.,43.671068,-79.452408,1600,30
AS069,MW056,3,1,0,2,0,0,1,,,,99.8,Early-Middle,7/4/2019,185,1,Vanessa,,At telephone pole.,43.671068,-79.452408,1600,30
AS069,MW056,4,0,4,0,1,0,0,0,1,0,81.5,Early-Middle,7/4/2019,185,1,Vanessa,,At telephone pole.,43.671068,-79.452408,1600,30
AS069,MW056,5,0,0,0,0,0,0,1,1,1,92.5,Early-Middle,7/4/2019,185,1,Vanessa,,At telephone pole.,43.671068,-79.452408,1600,30
AS070,MW057,1,1,0,4,1,4,0,1,0,0,121.2,Early-Middle,7/4/2019,185,1,Vanessa,Still lots along the fences and near rail road tracks.,Dispersed throughout lot edges in neighborhood. Industrial zone. Near railroad tracks. Near abandoned lots.,43.67024,-79.462135,30000,170
AS070,MW057,2,1,3,2,1,5,1,0,1,3,74.4,Early-Middle,7/4/2019,185,1,Vanessa,Still lots along the fences and near rail road tracks.,Dispersed throughout lot edges in neighborhood. Industrial zone. Near railroad tracks. Near abandoned lots.,43.67024,-79.462135,30000,170
AS070,MW057,3,4,0,2,1,1,1,4,1,0,111.1,Early-Middle,7/4/2019,185,1,Vanessa,Still lots along the fences and near rail road tracks.,Dispersed throughout lot edges in neighborhood. Industrial zone. Near railroad tracks. Near abandoned lots.,43.67024,-79.462135,30000,170
AS070,MW057,4,0,4,1,3,3,2,3,2,3,108,Early-Middle,7/4/2019,185,2,Vanessa,Still lots along the fences and near rail road tracks.,Dispersed throughout lot edges in neighborhood. Industrial zone. Near railroad tracks. Near abandoned lots.,43.67024,-79.462135,30000,170
AS070,MW057,5,0,3,2,1,0,0,,,,91.5,Early-Middle,7/4/2019,185,7,Vanessa,Still lots along the fences and near rail road tracks.,Dispersed throughout lot edges in neighborhood. Industrial zone. Near railroad tracks. Near abandoned lots.,43.67024,-79.462135,30000,170
AS071,MW058,1,x,x,x,x,x,x,x,x,x,x,x,x,x,x,x,Not flowering on 7/4/2019 or 7/17/2019,58 Tarragona Blvd.,43.671812,-79.474258,2,10
AS071,MW058,2,x,x,x,x,x,x,x,x,x,x,x,x,x,x,x,Not flowering on 7/4/2019 or 7/17/2019,58 Tarragona Blvd.,43.671812,-79.474258,2,10
AS071,MW058,3,x,x,x,x,x,x,x,x,x,x,x,x,x,x,x,Not flowering on 7/4/2019 or 7/17/2019,58 Tarragona Blvd.,43.671812,-79.474258,2,10
AS071,MW058,4,x,x,x,x,x,x,x,x,x,x,x,x,x,x,x,Not flowering on 7/4/2019 or 7/17/2019,58 Tarragona Blvd.,43.671812,-79.474258,2,10
AS071,MW058,5,x,x,x,x,x,x,x,x,x,x,x,x,x,x,x,Not flowering on 7/4/2019 or 7/17/2019,58 Tarragona Blvd.,43.671812,-79.474258,2,10
AS072,MW059,1,0,0,0,0,3,2,0,2,0,99,Early-Middle,7/5/2019,186,1,Vanessa,"No one answered at 69 Hagar Ave, left business card","55, 57 Hager Ave. Patch at #69 were not planted by current owners.",43.670454,-79.482484,250,36
AS072,MW059,2,2,0,1,0,0,1,1,5,0,128,Early-Middle,7/5/2019,186,1,Vanessa,"No one answered at 69 Hagar Ave, left business card","55, 57 Hager Ave. Patch at #69 were not planted by current owners.",43.670454,-79.482484,250,36
AS072,MW059,3,0,2,0,1,2,2,0,2,1,110,Early-Middle,7/5/2019,186,1,Vanessa,"No one answered at 69 Hagar Ave, left business card","55, 57 Hager Ave. Patch at #69 were not planted by current owners.",43.670454,-79.482484,250,36
AS072,MW059,4,1,3,0,0,2,0,,,,97,Early-Middle,7/5/2019,186,1,Vanessa,"No one answered at 69 Hagar Ave, left business card","55, 57 Hager Ave. Patch at #69 were not planted by current owners.",43.670454,-79.482484,250,36
AS072,MW059,5,1,0,1,0,2,5,,,,110,Early-Middle,7/5/2019,186,1,Albert,"No one answered at 69 Hagar Ave, left business card","55, 57 Hager Ave. Patch at #69 were not planted by current owners.",43.670454,-79.482484,250,36
AS073,MW060,1,x,x,x,x,x,x,x,x,x,x,x,x,x,x,Sophie,No flowering plants. House being rebuilt. I think the old man who lived there last year passed away. There's now a dumpster in the driveway and an empty house.,"25 Canerouth Dr, Etobicoke. Not sure if planted.",43.646988,-79.583587,1,5
AS073,MW060,2,x,x,x,x,x,x,x,x,x,x,x,x,x,x,Sophie,No flowering plants. House being rebuilt. I think the old man who lived there last year passed away. There's now a dumpster in the driveway and an empty house.,"25 Canerouth Dr, Etobicoke. Not sure if planted.",43.646988,-79.583587,1,5
AS073,MW060,3,x,x,x,x,x,x,x,x,x,x,x,x,x,x,Sophie,No flowering plants. House being rebuilt. I think the old man who lived there last year passed away. There's now a dumpster in the driveway and an empty house.,"25 Canerouth Dr, Etobicoke. Not sure if planted.",43.646988,-79.583587,1,5
AS073,MW060,4,x,x,x,x,x,x,x,x,x,x,x,x,x,x,Sophie,No flowering plants. House being rebuilt. I think the old man who lived there last year passed away. There's now a dumpster in the driveway and an empty house.,"25 Canerouth Dr, Etobicoke. Not sure if planted.",43.646988,-79.583587,1,5
AS073,MW060,5,x,x,x,x,x,x,x,x,x,x,x,x,x,x,Sophie,No flowering plants. House being rebuilt. I think the old man who lived there last year passed away. There's now a dumpster in the driveway and an empty house.,"25 Canerouth Dr, Etobicoke. Not sure if planted.",43.646988,-79.583587,1,5
AS074,MW061,1,0,0,0,0,0,0,0,0,2,56,Early-Late,7/16/2019,197,1,Sophie,,Lot to be developed. Extends south on Satellite Dr.,43.654607,-79.607519,9000,265
AS074,MW061,2,1,0,0,1,0,1,0,0,0,100,Early-Late,7/16/2019,197,1,Sophie,,Lot to be developed. Extends south on Satellite Dr.,43.654607,-79.607519,9000,265
AS074,MW061,3,0,0,0,0,1,0,0,0,2,123,Early-Late,7/16/2019,197,1,Sophie,,Lot to be developed. Extends south on Satellite Dr.,43.654607,-79.607519,9000,265
AS074,MW061,4,1,0,0,0,1,0,0,0,1,108,Early-Late,7/16/2019,197,1,Sophie,,Lot to be developed. Extends south on Satellite Dr.,43.654607,-79.607519,9000,265
AS074,MW061,5,0,0,0,2,1,1,0,1,0,122,Early-Late,7/16/2019,197,1,Sophie,,Lot to be developed. Extends south on Satellite Dr.,43.654607,-79.607519,9000,265
AS075,MW062,1,1,0,0,1,0,2,0,0,0,150,Early-Middle,7/17/2019,198,1,Sophie,,Just north of overpass on trail. Patch on left side of trail and further down on right side. Many ants seen. Weevils present at waypoint.,43.651476,-79.617876,6000,100
AS075,MW062,2,1,1,2,1,4,3,3,3,2,123,Early-Middle,7/17/2019,198,1,Sophie,,Just north of overpass on trail. Patch on left side of trail and further down on right side. Many ants seen. Weevils present at waypoint.,43.651476,-79.617876,6000,100
AS075,MW062,3,1,1,0,1,1,3,0,0,0,105,Early-Middle,7/17/2019,198,1,Sophie,,Just north of overpass on trail. Patch on left side of trail and further down on right side. Many ants seen. Weevils present at waypoint.,43.651476,-79.617876,6000,100
AS075,MW062,4,1,1,0,0,0,1,0,1,0,132,Early-Middle,7/17/2019,198,1,Sophie,,Just north of overpass on trail. Patch on left side of trail and further down on right side. Many ants seen. Weevils present at waypoint.,43.651476,-79.617876,6000,100
AS075,MW062,5,1,0,0,0,0,0,0,0,0,143,Early-Middle,7/17/2019,198,1,Sophie,,Just north of overpass on trail. Patch on left side of trail and further down on right side. Many ants seen. Weevils present at waypoint.,43.651476,-79.617876,6000,100
AS076,MW063,1,x,x,x,x,x,x,x,x,x,x,x,x,x,x,Sophie,Small plants. Some have developing flowers. Could return in 1-2 weeks.,"Plants spread throughout industrial complex, mostly in cracks in pavement though some in green areas",43.63776,-79.635241,60,36
AS076,MW063,2,x,x,x,x,x,x,x,x,x,x,x,x,x,x,Sophie,Small plants. Some have developing flowers. Could return in 1-2 weeks.,"Plants spread throughout industrial complex, mostly in cracks in pavement though some in green areas",43.63776,-79.635241,60,36
AS076,MW063,3,x,x,x,x,x,x,x,x,x,x,x,x,x,x,Sophie,Small plants. Some have developing flowers. Could return in 1-2 weeks.,"Plants spread throughout industrial complex, mostly in cracks in pavement though some in green areas",43.63776,-79.635241,60,36
AS076,MW063,4,x,x,x,x,x,x,x,x,x,x,x,x,x,x,Sophie,Small plants. Some have developing flowers. Could return in 1-2 weeks.,"Plants spread throughout industrial complex, mostly in cracks in pavement though some in green areas",43.63776,-79.635241,60,36
AS076,MW063,5,x,x,x,x,x,x,x,x,x,x,x,x,x,x,Sophie,Small plants. Some have developing flowers. Could return in 1-2 weeks.,"Plants spread throughout industrial complex, mostly in cracks in pavement though some in green areas",43.63776,-79.635241,60,36
AS077,MW064,1,0,0,0,0,0,0,0,0,1,120,Mid-Late,7/17/2019,198,1,Sophie,,"On left side, going to SportZone. Much herbivory observed. Many weevil attacks observed. Population expands to Matheson Blvd, just north and south of 403 overpass. (That area not included in total area and pop size columns.)",43.628807,-79.652009,1250,200
AS077,MW064,2,0,0,1,0,1,0,0,1,1,122,Mid-Late,7/17/2019,198,1,Sophie,,"On left side, going to SportZone. Much herbivory observed. Many weevil attacks observed. Population expands to Matheson Blvd, just north and south of 403 overpass. (That area not included in total area and pop size columns.)",43.628807,-79.652009,1250,200
AS077,MW064,3,0,1,0,2,0,0,0,0,0,108,Mid-Late,7/17/2019,198,1,Sophie,,"On left side, going to SportZone. Much herbivory observed. Many weevil attacks observed. Population expands to Matheson Blvd, just north and south of 403 overpass. (That area not included in total area and pop size columns.)",43.628807,-79.652009,1250,200
AS077,MW064,4,0,0,1,1,1,0,3,0,2,100,Mid-Late,7/17/2019,198,1,Sophie,,"On left side, going to SportZone. Much herbivory observed. Many weevil attacks observed. Population expands to Matheson Blvd, just north and south of 403 overpass. (That area not included in total area and pop size columns.)",43.628807,-79.652009,1250,200
AS077,MW064,5,1,0,0,0,1,0,2,1,0,105,Mid-Late,7/17/2019,198,1,Sophie,,"On left side, going to SportZone. Much herbivory observed. Many weevil attacks observed. Population expands to Matheson Blvd, just north and south of 403 overpass. (That area not included in total area and pop size columns.)",43.628807,-79.652009,1250,200
AS078,MW065,1,x,x,x,x,x,x,x,x,x,x,x,x,x,x,Sophie,No flowers (1 plant),By concrete curb near grass island.,43.626304,-79.673743,1,2
AS078,MW065,2,x,x,x,x,x,x,x,x,x,x,x,x,x,x,Sophie,No flowers (1 plant),By concrete curb near grass island.,43.626304,-79.673743,1,2
AS079,MW066,1,0,0,0,0,1,0,2,2,1,107,Early-Mid,7/17/2019,198,1,Sophie,*TAKEN FROM NEW SITE (OLD SITE IS NOW UNDER CONSTRUCTION)- INTERSECTION OF BRUNEL RD. AND HURONTARIO ST.*,May be developed soon.,43.618104,-79.701542,20000,50
AS079,MW066,2,0,0,1,1,3,1,2,0,0,70,Early-Mid,7/17/2019,198,1,Sophie,*TAKEN FROM NEW SITE (OLD SITE IS NOW UNDER CONSTRUCTION)- INTERSECTION OF BRUNEL RD. AND HURONTARIO ST.*,May be developed soon.,43.618104,-79.701542,20000,50
AS079,MW066,3,0,0,0,0,2,0,,,,98,Early-Mid,7/17/2019,198,1,Sophie,*TAKEN FROM NEW SITE (OLD SITE IS NOW UNDER CONSTRUCTION)- INTERSECTION OF BRUNEL RD. AND HURONTARIO ST.*,May be developed soon.,43.618104,-79.701542,20000,50
AS079,MW066,4,0,1,0,0,0,0,2,0,0,56,Early-Mid,7/17/2019,198,1,Sophie,*TAKEN FROM NEW SITE (OLD SITE IS NOW UNDER CONSTRUCTION)- INTERSECTION OF BRUNEL RD. AND HURONTARIO ST.*,May be developed soon.,43.618104,-79.701542,20000,50
AS079,MW066,5,3,1,0,2,1,1,1,0,3,125,Early-Mid,7/17/2019,198,1,Sophie,*TAKEN FROM NEW SITE (OLD SITE IS NOW UNDER CONSTRUCTION)- INTERSECTION OF BRUNEL RD. AND HURONTARIO ST.*,May be developed soon.,43.618104,-79.701542,20000,50
AS080,MW067,1,2,0,0,0,1,1,1,0,3,125,Middle,7/17/2019,198,1,Sophie,No one home- more plants near walkway but only surveyed plants I could access from sidewalk. Revisited again- still no one home.,Overgrown garden,43.613475,-79.705867,64,24
AS080,MW067,2,1,1,1,1,1,1,1,0,0,130,Middle,7/17/2019,198,1,Sophie,No one home- more plants near walkway but only surveyed plants I could access from sidewalk. Revisited again- still no one home.,Overgrown garden,43.613475,-79.705867,64,24
AS080,MW067,3,2,0,0,0,1,0,0,1,0,120,Middle,7/17/2019,198,1,Sophie,No one home- more plants near walkway but only surveyed plants I could access from sidewalk. Revisited again- still no one home.,Overgrown garden,43.613475,-79.705867,64,24
AS080,MW067,4,x,x,x,x,x,x,x,x,x,x,x,x,x,x,x,,Overgrown garden,43.613475,-79.705867,64,24
AS080,MW067,5,x,x,x,x,x,x,x,x,x,x,x,x,x,x,x,,Overgrown garden,43.613475,-79.705867,64,24
AS081,MW067,1,0,0,0,0,0,2,0,0,0,128,Mid-Late,7/17/2019,198,1,Sophie,,Extends 90m from path leading to Tillsdown Dr to where it meets longer path parallel to river.,43.595802,-79.719547,180,36
AS081,MW068,2,1,1,2,0,3,0,1,0,0,145,Mid-Late,7/17/2019,198,1,Sophie,,Extends 90m from path leading to Tillsdown Dr to where it meets longer path parallel to river.,43.595802,-79.719547,180,36
AS081,MW068,3,0,0,0,0,2,1,0,0,0,127,Mid-Late,7/17/2019,198,1,Sophie,,Extends 90m from path leading to Tillsdown Dr to where it meets longer path parallel to river.,43.595802,-79.719547,180,36
AS081,MW068,4,1,2,0,0,1,0,1,1,0,130,Mid-Late,7/17/2019,198,1,Sophie,,Extends 90m from path leading to Tillsdown Dr to where it meets longer path parallel to river.,43.595802,-79.719547,180,36
AS081,MW068,5,2,1,0,0,0,0,1,1,0,139,Mid-Late,7/17/2019,198,1,Sophie,,Extends 90m from path leading to Tillsdown Dr to where it meets longer path parallel to river.,43.595802,-79.719547,180,36
AS082,MW069,1,x,x,x,x,x,x,x,x,x,x,x,7/18/2019,199,x,"Vanessa, Sophie",Very dispersed and small near the tower. None were near flowering. (Visited 2x),Erin Mills Bus Station,43.553597,-79.699608,1000,24
AS082,MW069,2,x,x,x,x,x,x,x,x,x,x,x,7/18/2019,199,x,"Vanessa, Sophie",Very dispersed and small near the tower. None were near flowering. (Visited 2x),Erin Mills Bus Station,43.553597,-79.699608,1000,24
AS082,MW069,3,x,x,x,x,x,x,x,x,x,x,x,7/18/2019,199,x,"Vanessa, Sophie",Very dispersed and small near the tower. None were near flowering. (Visited 2x),Erin Mills Bus Station,43.553597,-79.699608,1000,24
AS082,MW069,4,x,x,x,x,x,x,x,x,x,x,x,7/18/2019,199,x,"Vanessa, Sophie",Very dispersed and small near the tower. None were near flowering. (Visited 2x),Erin Mills Bus Station,43.553597,-79.699608,1000,24
AS082,MW069,5,x,x,x,x,x,x,x,x,x,x,x,7/18/2019,199,x,"Vanessa, Sophie",Very dispersed and small near the tower. None were near flowering. (Visited 2x),Erin Mills Bus Station,43.553597,-79.699608,1000,24
AS083,MW070,1,0,1,0,0,0,2,0,0,0,127.5,Middle,7/9/2019,190,1,Vanessa,"No one home, left business cards at both locations and sampled.",5849 Glen Erin Dr. Extends to 2573 Quail Run.,43.571026,-79.733337,1000,24
AS083,MW070,2,4,2,3,5,3,4,1,2,0,57.5,Middle,7/9/2019,190,1,Vanessa,"No one home, left business cards at both locations and sampled.",5849 Glen Erin Dr. Extends to 2573 Quail Run.,43.571026,-79.733337,1000,24
AS083,MW070,3,0,0,0,0,1,1,2,0,2,95.5,Middle,7/9/2019,190,1,Vanessa,"No one home, left business cards at both locations and sampled.",5849 Glen Erin Dr. Extends to 2573 Quail Run.,43.571026,-79.733337,1000,24
AS083,MW070,4,0,1,1,0,2,2,0,1,1,122,Middle,7/9/2019,190,1,Vanessa,"No one home, left business cards at both locations and sampled.",5849 Glen Erin Dr. Extends to 2573 Quail Run.,43.571026,-79.733337,1000,24
AS083,MW070,5,3,0,3,0,0,0,1,0,0,108,Middle,7/9/2019,190,1,Vanessa,"No one home, left business cards at both locations and sampled.",5849 Glen Erin Dr. Extends to 2573 Quail Run.,43.571026,-79.733337,1000,24
AS084,MW071,1,0,0,2,,,,,,,94,Early,7/9/2019,190,1,"Vanessa, Sophie","Only 1 plant flowering, approximately 7 plants and a few on grass that are very small on property. No one home, left business card. (Revisited 7/18; no one home then either)",2613 Burnford Dr,43.564655,-79.720469,5,11
AS084,MW071,2,x,x,x,x,x,x,x,x,x,x,x,x,x,x,"Vanessa, Sophie","Only 1 plant flowering, approximately 7 plants and a few on grass that are very small on property. No one home, left business card. (Revisited 7/18; no one home then either)",2613 Burnford Dr,43.564655,-79.720469,5,11
AS084,MW071,3,x,x,x,x,x,x,x,x,x,x,x,x,x,x,"Vanessa, Sophie","Only 1 plant flowering, approximately 7 plants and a few on grass that are very small on property. No one home, left business card. (Revisited 7/18; no one home then either)",2613 Burnford Dr,43.564655,-79.720469,5,11
AS084,MW071,4,x,x,x,x,x,x,x,x,x,x,x,x,x,x,"Vanessa, Sophie","Only 1 plant flowering, approximately 7 plants and a few on grass that are very small on property. No one home, left business card. (Revisited 7/18; no one home then either)",2613 Burnford Dr,43.564655,-79.720469,5,11
AS084,MW071,5,x,x,x,x,x,x,x,x,x,x,x,x,x,x,"Vanessa, Sophie","Only 1 plant flowering, approximately 7 plants and a few on grass that are very small on property. No one home, left business card. (Revisited 7/18; no one home then either)",2613 Burnford Dr,43.564655,-79.720469,5,11
AS085,MW072,1,2,0,0,2,0,1,1,0,0,105,Early-Late,7/17/2019,198,1,Sophie,,Alongside railroad tracks. Several misshapen/warped plants observed.,43.5789,-79.713398,8000,175
AS085,MW072,2,1,1,0,3,1,0,0,2,1,103,Early-Late,7/17/2019,198,1,Sophie,,Alongside railroad tracks. Several misshapen/warped plants observed.,43.5789,-79.713398,8000,175
AS085,MW072,3,1,0,0,1,1,0,3,0,0,86,Early-Late,7/17/2019,198,1,Sophie,,Alongside railroad tracks. Several misshapen/warped plants observed.,43.5789,-79.713398,8000,175
AS085,MW072,4,0,1,0,0,1,0,1,2,0,98,Early-Late,7/17/2019,198,1,Sophie,,Alongside railroad tracks. Several misshapen/warped plants observed.,43.5789,-79.713398,8000,175
AS085,MW072,5,0,0,1,2,1,0,0,1,0,88,Early-Late,7/17/2019,198,1,Sophie,,Alongside railroad tracks. Several misshapen/warped plants observed.,43.5789,-79.713398,8000,175
AS086,MW073,1,0,2,2,0,2,0,0,1,1,129.5,Early-Middle,7/9/2019,190,1,Vanessa,Approximately 30 plants at the park. None found at the address on Questman Hollow,5939 Questman Hollow. Population extends to May Meadow Park.,43.554564,-79.756834,300,46
AS086,MW073,2,0,0,0,,,,,,,120,Early-Middle,7/9/2019,190,1,Vanessa,Approximately 30 plants at the park. None found at the address on Questman Hollow,5939 Questman Hollow. Population extends to May Meadow Park.,43.554564,-79.756834,300,46
AS086,MW073,3,0,0,1,,,,,,,93,Early-Middle,7/9/2019,190,1,Vanessa,Approximately 30 plants at the park. None found at the address on Questman Hollow,5939 Questman Hollow. Population extends to May Meadow Park.,43.554564,-79.756834,300,46
AS086,MW073,4,0,2,0,0,0,0,2,0,2,130,Early-Middle,7/9/2019,190,1,Vanessa,Approximately 30 plants at the park. None found at the address on Questman Hollow,5939 Questman Hollow. Population extends to May Meadow Park.,43.554564,-79.756834,300,46
AS086,MW073,5,0,0,0,2,2,1,0,0,0,135,Early-Middle,7/9/2019,190,1,Vanessa,Approximately 30 plants at the park. None found at the address on Questman Hollow,5939 Questman Hollow. Population extends to May Meadow Park.,43.554564,-79.756834,300,46
AS087,MW074,1,0,0,0,0,1,0,0,1,2,94,Early-Late,7/12/2019,193,2,Vanessa,"Only 2 were flowering, some were too old to assess the flowers though. Patch was pretty small near dumpsters. None near the tracks that were flowering.",Near dumpsters in grapevine patch. Extends to southern parking lot.,43.568721,-79.651832,4000,120
AS087,MW074,2,0,0,1,0,0,0,2,2,1,116,Early-Late,7/12/2019,193,2,Vanessa,"Only 2 were flowering, some were too old to assess the flowers though. Patch was pretty small near dumpsters. None near the tracks that were flowering.",Near dumpsters in grapevine patch. Extends to southern parking lot.,43.568721,-79.651832,4000,120
AS087,MW074,3,x,x,x,x,x,x,x,x,x,x,x,x,x,x,x,,Near dumpsters in grapevine patch. Extends to southern parking lot.,43.568721,-79.651832,4000,120
AS087,MW074,4,x,x,x,x,x,x,x,x,x,x,x,x,x,x,x,,Near dumpsters in grapevine patch. Extends to southern parking lot.,43.568721,-79.651832,4000,120
AS087,MW074,5,x,x,x,x,x,x,x,x,x,x,x,x,x,x,x,,Near dumpsters in grapevine patch. Extends to southern parking lot.,43.568721,-79.651832,4000,120
AS088,MW075,1,0,0,0,0,1,0,0,0,0,107,Early-Middle,7/12/2019,193,1,Vanessa,"Might be the same individual, only 2 were flowering and they were really close (possibly 2 ramets). Got permission from homeowners and left business card too.",NO ONE HOME- DID NOT INSPECT.,43.573691,-79.63648,NA,NA
AS088,MW075,2,0,0,1,0,0,2,,,,87,Early-Middle,7/12/2019,193,1,Vanessa,"Might be the same individual, only 2 were flowering and they were really close (possibly 2 ramets). Got permission from homeowners and left business card too.",,,,,
AS089,MW076,1,x,x,x,x,x,x,x,x,x,x,x,x,x,x,Vanessa,,272 Lech Walesa Dr,43.579335,-79.630017,6,7
AS089,MW076,2,x,x,x,x,x,x,x,x,x,x,x,x,x,x,Vanessa,,272 Lech Walesa Dr,43.579335,-79.630017,6,7
AS089,MW076,3,x,x,x,x,x,x,x,x,x,x,x,x,x,x,Vanessa,,272 Lech Walesa Dr,43.579335,-79.630017,6,7
AS089,MW076,4,x,x,x,x,x,x,x,x,x,x,x,x,x,x,Vanessa,,272 Lech Walesa Dr,43.579335,-79.630017,6,7
AS089,MW076,5,x,x,x,x,x,x,x,x,x,x,x,x,x,x,Vanessa,,272 Lech Walesa Dr,43.579335,-79.630017,6,7
AS090,MW077,1,1,0,1,1,0,4,1,1,2,117,Middle-Late,7/18/2019,199,1,Sophie,,Not planted. 7 monarch eggs seen on same plant! 4 monarch eggs on same leaf! Population near the Cooksville Creek Trail.,43.589966,-79.6183,4,30
AS090,MW077,2,1,1,1,0,1,1,1,1,1,144,Middle-Late,7/18/2019,199,1,Sophie,,Not planted. 7 monarch eggs seen on same plant! 4 monarch eggs on same leaf! Population near the Cooksville Creek Trail.,43.589966,-79.6183,4,30
AS090,MW077,3,1,0,1,0,1,0,0,0,2,125,Middle-Late,7/18/2019,199,1,Sophie,,Not planted. 7 monarch eggs seen on same plant! 4 monarch eggs on same leaf! Population near the Cooksville Creek Trail.,43.589966,-79.6183,4,30
AS090,MW077,4,3,3,1,3,2,1,1,0,3,138,Middle-Late,7/18/2019,199,1,Sophie,,Not planted. 7 monarch eggs seen on same plant! 4 monarch eggs on same leaf! Population near the Cooksville Creek Trail.,43.589966,-79.6183,4,30
AS090,MW077,5,0,2,0,1,0,0,0,3,1,137,Middle-Late,7/18/2019,199,1,Sophie,,Not planted. 7 monarch eggs seen on same plant! 4 monarch eggs on same leaf! Population near the Cooksville Creek Trail.,43.589966,-79.6183,4,30
AS091,MW078,1,x,x,x,x,x,x,x,x,x,x,x,x,x,x,Vanessa,"Checked in garden at 434 Ginger Downs, plants were still very small. Spoke to homeowner who gave us the OK to check them out.",Overgrown garden,43.591194,-79.608405,9,15
AS091,MW078,2,x,x,x,x,x,x,x,x,x,x,x,x,x,x,Vanessa,"Checked in garden at 434 Ginger Downs, plants were still very small. Spoke to homeowner who gave us the OK to check them out.",Overgrown garden,43.591194,-79.608405,9,15
AS091,MW078,3,x,x,x,x,x,x,x,x,x,x,x,x,x,x,Vanessa,"Checked in garden at 434 Ginger Downs, plants were still very small. Spoke to homeowner who gave us the OK to check them out.",Overgrown garden,43.591194,-79.608405,9,15
AS091,MW078,4,x,x,x,x,x,x,x,x,x,x,x,x,x,x,Vanessa,"Checked in garden at 434 Ginger Downs, plants were still very small. Spoke to homeowner who gave us the OK to check them out.",Overgrown garden,43.591194,-79.608405,9,15
AS091,MW078,5,x,x,x,x,x,x,x,x,x,x,x,x,x,x,Vanessa,"Checked in garden at 434 Ginger Downs, plants were still very small. Spoke to homeowner who gave us the OK to check them out.",Overgrown garden,43.591194,-79.608405,9,15
AS092,MW079,1,0,0,0,0,0,0,0,0,0,88,Early-Middle,7/5/2019,186,2,Albert,Make sure to let the head office know when doing work here - got asked by a manager to report to office when sampling here,Produce truck depot near railroad tracks. Patch also in ravine east of waypoint. High fruit count could be result of produce trucks transporting/attracting pollinators,43.601609,-79.583684,15000,12
AS092,MW079,2,0,1,0,0,0,0,0,0,1,110,Early-Middle,7/5/2019,186,2,Albert,Make sure to let the head office know when doing work here - got asked by a manager to report to office when sampling here,Produce truck depot near railroad tracks. Patch also in ravine east of waypoint. High fruit count could be result of produce trucks transporting/attracting pollinators,43.601609,-79.583684,15000,12
AS092,MW079,3,0,0,0,0,0,0,,,,102,Early-Middle,7/5/2019,186,2,Albert,Make sure to let the head office know when doing work here - got asked by a manager to report to office when sampling here,Produce truck depot near railroad tracks. Patch also in ravine east of waypoint. High fruit count could be result of produce trucks transporting/attracting pollinators,43.601609,-79.583684,15000,12
AS092,MW079,4,1,0,0,,,,,,,102,Early-Middle,7/5/2019,186,2,Albert,Make sure to let the head office know when doing work here - got asked by a manager to report to office when sampling here,Produce truck depot near railroad tracks. Patch also in ravine east of waypoint. High fruit count could be result of produce trucks transporting/attracting pollinators,43.601609,-79.583684,15000,12
AS092,MW079,5,0,0,1,,,,,,,118,Early-Middle,7/5/2019,186,2,Vanessa,Make sure to let the head office know when doing work here - got asked by a manager to report to office when sampling here,Produce truck depot near railroad tracks. Patch also in ravine east of waypoint. High fruit count could be result of produce trucks transporting/attracting pollinators,43.601609,-79.583684,15000,12
AS093,MW080,1,2,0,1,0,3,2,4,0,3,96,Middle,7/18/2019,199,1,Sophie,Only checked at 45 Lynnford Dr. (forgot to check 2018 notes). Spoke to homeowner who said there were a lot more plants the year before. Might want to revisit this one. -Vanessa || Nice homeowner but only 1 plant. More in a front yard garden down the street (#20? #30?) but no one home. -Sophie,Lawn garden that looks wild. Population extends west to path to right of 57 Lynnford Dr. Population extends east to 36 Lynnford Dr. ,43.633829,-79.553119,8800,44
AS093,MW080,2,x,x,x,x,x,x,x,x,x,x,x,x,x,x,x,Only checked at 45 Lynnford Dr. (forgot to check 2018 notes). Spoke to homeowner who said there were a lot more plants the year before. Might want to revisit this one. -Vanessa || Nice homeowner but only 1 plant. More in a front yard garden down the street (#20? #30?) but no one home. -Sophie,Lawn garden that looks wild. Population extends west to path to right of 57 Lynnford Dr. Population extends east to 36 Lynnford Dr. ,43.633829,-79.553119,8800,44
AS093,MW080,3,x,x,x,x,x,x,x,x,x,x,x,x,x,x,x,Only checked at 45 Lynnford Dr. (forgot to check 2018 notes). Spoke to homeowner who said there were a lot more plants the year before. Might want to revisit this one. -Vanessa || Nice homeowner but only 1 plant. More in a front yard garden down the street (#20? #30?) but no one home. -Sophie,Lawn garden that looks wild. Population extends west to path to right of 57 Lynnford Dr. Population extends east to 36 Lynnford Dr. ,43.633829,-79.553119,8800,44
AS093,MW080,4,x,x,x,x,x,x,x,x,x,x,x,x,x,x,x,Only checked at 45 Lynnford Dr. (forgot to check 2018 notes). Spoke to homeowner who said there were a lot more plants the year before. Might want to revisit this one. -Vanessa || Nice homeowner but only 1 plant. More in a front yard garden down the street (#20? #30?) but no one home. -Sophie,Lawn garden that looks wild. Population extends west to path to right of 57 Lynnford Dr. Population extends east to 36 Lynnford Dr. ,43.633829,-79.553119,8800,44
AS093,MW080,5,x,x,x,x,x,x,x,x,x,x,x,x,x,x,x,Only checked at 45 Lynnford Dr. (forgot to check 2018 notes). Spoke to homeowner who said there were a lot more plants the year before. Might want to revisit this one. -Vanessa || Nice homeowner but only 1 plant. More in a front yard garden down the street (#20? #30?) but no one home. -Sophie,Lawn garden that looks wild. Population extends west to path to right of 57 Lynnford Dr. Population extends east to 36 Lynnford Dr. ,43.633829,-79.553119,8800,44
